"Date","UVSL.NS.Open","UVSL.NS.High","UVSL.NS.Low","UVSL.NS.Close","UVSL.NS.Volume","UVSL.NS.Adjusted"
2007-01-05,1.59,1.62,1.57,1.61,1032760,1.61
2007-01-09,1.67,1.77,1.66,1.68,3138410,1.68
2007-01-10,1.62,1.69,1.62,1.63,1792955,1.63
2007-01-16,2.4,2.47,2.14,2.23,19316255,2.23
2007-01-17,2.2,2.38,2.2,2.21,6363270,2.21
2007-01-18,2.22,2.27,2.06,2.09,3820285,2.09
2007-01-19,2.14,2.14,1.98,2,3115565,2
2007-01-22,2,2.1,1.95,2.04,5178060,2.04
2007-01-24,1.95,2.06,1.94,2.04,3627530,2.04
2007-01-25,2.07,2.24,2.05,2.14,7281495,2.14
2007-02-19,2.14,2.15,2.04,2.15,479430,2.15
2007-02-21,2.17,2.17,2.04,2.05,508250,2.05
2007-02-23,2.04,2.05,1.93,1.94,786055,1.94
2007-02-26,1.87,2.04,1.85,1.98,620810,1.98
2007-02-27,2.04,2.08,2,2.03,641835,2.03
2007-02-28,1.95,2.04,1.93,1.94,932890,1.94
2007-03-06,1.82,1.96,1.78,1.78,294565,1.78
2007-03-08,1.68,1.78,1.61,1.75,653075,1.75
2007-03-12,1.7,1.77,1.68,1.73,558115,1.73
2007-03-13,1.77,1.82,1.76,1.82,467635,1.82
2007-03-14,1.74,1.82,1.74,1.77,653745,1.77
2007-03-19,1.83,1.83,1.67,1.7,933065,1.7
2007-03-20,1.78,1.78,1.7,1.7,127870,1.7
2007-03-21,1.67,1.73,1.65,1.68,469940,1.68
2007-03-22,1.71,1.72,1.67,1.68,583475,1.68
2007-03-28,1.6,1.62,1.55,1.57,600545,1.57
2007-03-30,1.61,1.68,1.6,1.64,449935,1.64
2007-04-02,1.61,1.64,1.58,1.62,209160,1.62
2007-04-03,1.6,1.66,1.6,1.63,220090,1.63
2007-04-04,1.64,1.67,1.63,1.65,276025,1.65
2007-04-05,1.67,1.74,1.66,1.74,436610,1.74
2007-04-09,1.8,1.83,1.75,1.83,486210,1.83
2007-04-10,1.93,1.93,1.84,1.86,757105,1.86
2007-04-11,1.92,1.96,1.88,1.92,946470,1.92
2007-04-13,1.88,1.92,1.85,1.86,346390,1.86
2007-04-19,1.83,1.86,1.8,1.83,475915,1.83
2007-04-23,1.86,1.94,1.84,1.94,907935,1.94
2007-04-25,1.9,1.93,1.86,1.89,266780,1.89
2007-04-27,1.86,1.86,1.77,1.8,633930,1.8
2007-04-30,1.78,1.85,1.78,1.83,358755,1.83
2007-05-04,1.9,1.9,1.81,1.85,587965,1.85
2007-05-08,1.97,1.99,1.94,1.97,1372115,1.97
2007-05-16,2.19,2.25,2.11,2.25,2944355,2.25
2007-05-21,2.17,2.21,2.14,2.21,2088835,2.21
2007-05-22,2.32,2.32,2.2,2.24,3926605,2.24
2007-05-28,2.14,2.14,2.05,2.05,439070,2.05
2007-05-29,2.13,2.13,2.01,2.11,723565,2.11
2007-06-05,2.08,2.08,1.97,1.99,575035,1.99
2007-06-06,2.02,2.07,1.92,1.95,379715,1.95
2007-06-13,1.89,1.96,1.86,1.92,591150,1.92
2007-06-14,1.99,1.99,1.9,1.92,600575,1.92
2007-06-19,1.88,1.93,1.82,1.84,462790,1.84
2007-06-21,1.9,1.92,1.83,1.85,293315,1.85
2007-06-25,1.88,1.9,1.86,1.87,227165,1.87
2007-06-26,1.89,1.89,1.84,1.85,243205,1.85
2007-06-29,1.9,1.92,1.82,1.84,447550,1.84
2007-07-03,1.85,1.88,1.82,1.82,487525,1.82
2007-07-09,2.1,2.14,1.94,2.05,3046700,2.05
2007-07-17,2.04,2.1,1.98,1.99,1346550,1.99
2007-07-18,2.02,2.05,1.96,1.98,1439335,1.98
2007-07-19,2,2.02,1.96,1.97,727485,1.97
2007-07-20,1.94,2.07,1.94,1.98,1725790,1.98
2007-07-24,1.99,1.99,1.89,1.92,1285685,1.92
2007-07-25,1.84,1.91,1.84,1.86,1148010,1.86
2007-07-30,1.83,1.89,1.82,1.83,741995,1.83
2007-07-31,1.84,1.95,1.84,1.93,983045,1.93
2007-08-03,1.83,2.01,1.83,1.85,515000,1.85
2007-08-06,1.84,1.84,1.79,1.83,512460,1.83
2007-08-07,1.88,1.93,1.84,1.9,963945,1.9
2007-08-08,1.86,1.91,1.84,1.89,1081080,1.89
2007-08-09,1.9,1.95,1.83,1.86,757570,1.86
2007-08-13,1.85,1.87,1.83,1.86,354275,1.86
2007-08-17,1.86,1.96,1.76,1.84,1175080,1.84
2007-08-22,1.83,1.87,1.81,1.83,856020,1.83
2007-08-23,1.85,1.9,1.82,1.82,765365,1.82
2007-08-27,1.84,1.86,1.82,1.84,278400,1.84
2007-08-31,2.24,2.31,2.18,2.22,6596315,2.22
2007-09-03,2.28,2.46,2.27,2.46,5210335,2.46
2007-09-06,2.57,2.69,2.55,2.69,5480035,2.69
2007-09-10,2.8,2.95,2.76,2.91,9463785,2.91
2007-09-11,2.97,3.02,2.85,2.92,6033870,2.92
2007-09-17,2.6,2.81,2.55,2.79,5083610,2.79
2007-09-18,2.84,2.88,2.73,2.75,5255605,2.75
2007-09-25,2.74,2.89,2.67,2.89,11691115,2.89
2007-09-28,2.91,3.01,2.82,2.91,5219715,2.91
2007-10-03,3.23,3.23,2.96,3.23,11482670,3.23
2007-10-05,3.32,3.32,3.1,3.14,6244160,3.14
2007-10-17,2.66,2.78,2.66,2.73,2438960,2.73
2007-10-19,2.5,2.6,2.5,2.5,2732680,2.5
2007-10-22,2.38,2.58,2.38,2.44,1461245,2.44
2007-10-24,2.71,2.72,2.55,2.62,2001490,2.62
2007-10-25,2.65,2.65,2.55,2.58,2110955,2.58
2007-10-26,2.58,2.69,2.55,2.67,2654705,2.67
2007-10-29,2.74,2.78,2.6,2.64,3055905,2.64
2007-10-30,2.62,2.71,2.56,2.57,2059795,2.57
2007-11-01,2.66,2.7,2.5,2.57,2577525,2.57
2007-11-02,2.6,2.64,2.5,2.56,1289700,2.56
2007-11-08,2.4,2.53,2.4,2.44,1743085,2.44
2007-11-12,2.6,2.93,2.54,2.93,13587810,2.93
2007-11-14,3.4,3.4,3.4,3.4,1732450,3.4
2007-11-20,4.08,4.14,4.02,4.14,5135970,4.14
2007-11-21,4.26,4.35,3.94,4.02,30633310,4.02
2007-11-22,3.98,3.98,3.78,3.78,4343285,3.78
2007-11-26,3.89,3.96,3.82,3.96,1536120,3.96
2007-12-03,5.06,5.07,4.98,5.07,2976780,5.07
2007-12-05,5.6,5.6,5.56,5.6,901975,5.6
2007-12-07,6.18,6.18,5.59,6.18,39008620,6.18
2007-12-13,7.39,7.48,7,7,5014785,7
2007-12-19,6.75,6.82,6.75,6.75,1049870,6.75
2007-12-20,6.42,6.42,6.42,6.42,496540,6.42
2007-12-31,7.11,7.11,6.84,7.11,2128420,7.11
2008-01-01,7.47,7.47,6.78,7.4,3918695,7.4
2008-01-02,7.47,7.7,7,7,3539480,7
2008-01-07,6.63,6.88,6.25,6.4,2946550,6.4
2008-01-09,5.79,5.87,5.79,5.79,1423910,5.79
2008-01-10,5.51,5.79,5.51,5.51,1582660,5.51
2008-01-16,6,6.06,5.49,5.5,1754585,5.5
2008-01-17,5.54,5.82,5.3,5.62,976380,5.62
2008-01-22,4.93,4.93,4.92,4.92,102485,4.92
2008-01-23,4.9,4.9,4.68,4.68,151185,4.68
2008-01-24,4.45,4.45,4.45,4.45,105420,4.45
2008-01-29,3.82,4.2,3.82,3.88,2361105,3.88
2008-01-30,3.65,3.9,3.64,3.64,974650,3.64
2008-02-04,3.56,3.56,3.39,3.56,304150,3.56
2008-02-06,3.93,3.93,3.56,3.9,1644130,3.9
2008-02-07,4.13,4.13,3.74,3.74,2103705,3.74
2008-02-08,3.57,3.57,3.57,3.57,568190,3.57
2008-02-11,3.4,3.4,3.4,3.4,178505,3.4
2008-02-12,3.23,3.23,3.23,3.23,207305,3.23
2008-02-13,3.07,3.1,3.07,3.07,940280,3.07
2008-02-14,3.2,3.23,2.92,3.18,2215105,3.18
2008-02-18,3.3,3.39,3.14,3.39,1372455,3.39
2008-02-19,3.44,3.55,3.35,3.48,969005,3.48
2008-02-22,3.27,3.38,3.2,3.21,502860,3.21
2008-02-29,3.16,3.48,3.15,3.2,1438895,3.2
2008-03-04,2.97,3.16,2.9,2.9,518475,2.9
2008-03-12,3.06,3.06,2.84,2.98,1947665,2.98
2008-03-13,2.98,2.98,2.7,2.7,1270205,2.7
2008-03-14,2.65,2.7,2.43,2.6,2983025,2.6
2008-03-17,2.31,2.5,2.29,2.45,1794180,2.45
2008-03-18,2.25,2.53,2.14,2.32,1653570,2.32
2008-03-25,2.2,2.23,2.05,2.23,1103480,2.23
2008-03-26,2.35,2.35,2.26,2.35,577175,2.35
2008-03-27,2.45,2.47,2.37,2.47,672330,2.47
2008-03-31,2.68,2.73,2.64,2.73,990170,2.73
2008-04-01,2.84,2.84,2.61,2.75,1459145,2.75
2008-04-08,2.6,2.65,2.56,2.6,746400,2.6
2008-04-11,2.76,2.76,2.55,2.62,984235,2.62
2008-04-15,2.59,2.64,2.46,2.61,777625,2.61
2008-04-21,2.8,2.87,2.76,2.87,1356155,2.87
2008-04-22,2.93,3.02,2.78,3.02,2074490,3.02
2008-04-25,3.03,3.03,2.85,2.93,899380,2.93
2008-04-29,2.8,2.86,2.7,2.83,1134255,2.83
2008-05-05,2.79,2.92,2.73,2.82,1252985,2.82
2008-05-07,2.8,2.8,2.7,2.71,470770,2.71
2008-05-13,2.47,2.63,2.41,2.5,2411560,2.5
2008-05-14,2.54,2.54,2.43,2.44,2033355,2.44
2008-05-22,2.45,2.73,2.45,2.61,3950475,2.61
2008-05-23,2.7,2.7,2.51,2.53,1941130,2.53
2008-05-26,2.44,2.49,2.4,2.45,902080,2.45
2008-05-27,2.52,2.54,2.4,2.41,916675,2.41
2008-05-28,2.41,2.48,2.38,2.43,1218960,2.43
2008-05-30,2.39,2.45,2.38,2.4,1350435,2.4
2008-06-02,2.4,2.42,2.34,2.36,1016595,2.36
2008-06-05,2.28,2.28,2.15,2.24,673305,2.24
2008-06-06,2.32,2.32,2.2,2.22,555610,2.22
2008-06-09,2.18,2.18,2.02,2.1,977605,2.1
2008-06-11,2.05,2.08,2,2.04,1134440,2.04
2008-06-12,1.99,2.23,1.99,2.22,1063985,2.22
2008-06-19,2.03,2.19,2.03,2.1,382810,2.1
2008-06-26,2.03,2.04,1.98,1.98,632260,1.98
2008-07-01,1.78,1.82,1.62,1.62,1993455,1.62
2008-07-02,1.77,1.79,1.53,1.79,1253375,1.79
2008-07-04,1.67,1.79,1.59,1.77,1015500,1.77
2008-07-07,1.92,1.97,1.79,1.87,445065,1.87
2008-07-09,1.89,1.95,1.81,1.95,686170,1.95
2008-07-14,2.03,2.1,1.95,2.02,667765,2.02
2008-07-16,1.82,1.92,1.79,1.84,826105,1.84
2008-07-17,2.09,2.09,1.84,1.85,408700,1.85
2008-07-22,1.88,2.03,1.85,1.92,1000565,1.92
2008-07-23,2,2.15,1.98,2.09,1184970,2.09
2008-07-24,2.14,2.18,2.03,2.04,699550,2.04
2008-08-01,2.37,2.42,1.92,2.36,1921000,2.36
2008-08-06,2.8,2.83,2.61,2.62,2744000,2.62
2008-08-07,2.53,2.72,2.53,2.62,3338500,2.62
2008-08-13,2.55,2.7,2.5,2.58,1966000,2.58
2008-08-14,2.52,2.59,2.5,2.52,1121500,2.52
2008-08-19,2.45,2.45,2.33,2.36,916435,2.36
2008-08-20,2.4,2.48,2.33,2.38,1192900,2.38
2008-08-21,2.4,2.4,2.31,2.34,776555,2.34
2008-08-22,2.23,2.34,2.21,2.27,359785,2.27
2008-08-25,2.34,2.34,2.2,2.23,233910,2.23
2008-08-27,2.2,2.2,2.04,2.09,335280,2.09
2008-08-29,2.06,2.06,1.98,2,911080,2
2008-09-04,1.99,2.03,1.99,2,196960,2
2008-09-05,1.99,2.03,1.97,1.98,277570,1.98
2008-09-12,2.02,2.02,1.89,1.93,359040,1.93
2008-09-16,1.74,1.86,1.73,1.81,585025,1.81
2008-09-24,1.76,1.79,1.75,1.78,158190,1.78
2008-09-26,1.72,1.79,1.62,1.68,835365,1.68
2008-09-30,1.56,1.68,1.52,1.59,472710,1.59
2008-10-06,1.5,1.52,1.47,1.47,166750,1.47
2008-10-08,1.4,1.4,1.33,1.34,796210,1.34
2008-10-13,1.28,1.34,1.21,1.29,731110,1.29
2008-10-14,1.29,1.33,1.29,1.33,358710,1.33
2008-10-21,1.15,1.18,1.11,1.18,243330,1.18
2008-10-29,1,1.09,0.98,1.02,471715,1.02
2008-11-03,1.09,1.13,1.08,1.13,583515,1.13
2008-11-06,1.22,1.22,1.16,1.18,253590,1.18
2008-11-07,1.17,1.23,1.13,1.23,418020,1.23
2008-11-10,1.24,1.24,1.15,1.2,211945,1.2
2008-11-19,1.05,1.05,0.98,0.99,197655,0.99
2008-11-20,0.96,0.99,0.94,0.96,284000,0.96
2008-11-21,0.92,0.95,0.9,0.92,207115,0.92
2008-11-24,0.95,0.97,0.9,0.92,177255,0.92
2008-11-25,0.92,0.94,0.89,0.9,253255,0.9
2008-11-26,0.94,0.94,0.87,0.91,161960,0.91
2008-12-01,0.88,0.91,0.85,0.9,381695,0.9
2008-12-02,0.9,0.9,0.85,0.89,413350,0.89
2008-12-03,0.86,0.9,0.86,0.88,287460,0.88
2008-12-04,0.9,0.9,0.85,0.88,370130,0.88
2008-12-08,0.9,0.91,0.86,0.87,364695,0.87
2008-12-11,0.93,0.94,0.88,0.89,936585,0.89
2008-12-12,0.92,0.96,0.91,0.96,344530,0.96
2008-12-16,1.06,1.06,1.06,1.06,160370,1.06
2008-12-19,1.07,1.12,1.07,1.08,599430,1.08
2008-12-26,1.01,1.07,0.99,0.99,233520,0.99
2008-12-31,1.08,1.1,1.02,1.09,449565,1.09
2009-01-02,1.19,1.19,1.15,1.19,332225,1.19
2009-01-07,1.37,1.37,1.25,1.25,904425,1.25
2009-01-13,1.08,1.08,1.08,1.08,98740,1.08
2009-01-14,1.06,1.12,1.03,1.03,529230,1.03
2009-01-15,1,1.03,0.98,1,3155750,1
2009-01-16,1.01,1.05,0.96,1,600425,1
2009-01-19,0.99,1.03,0.95,1.01,355610,1.01
2009-01-20,0.96,1.01,0.96,1.01,183320,1.01
2009-01-22,0.96,1,0.93,0.93,621195,0.93
2009-01-27,0.95,0.96,0.87,0.87,8104760,0.87
2009-01-28,0.9,0.91,0.83,0.83,1960285,0.83
2009-01-29,0.82,0.87,0.79,0.79,3069520,0.79
2009-02-03,0.8,0.84,0.79,0.81,1251430,0.81
2009-02-04,0.78,0.83,0.78,0.8,1095900,0.8
2009-02-09,0.82,0.85,0.82,0.85,351405,0.85
2009-02-10,0.87,0.89,0.85,0.89,393285,0.89
2009-02-12,0.86,0.91,0.86,0.89,456480,0.89
2009-02-18,0.84,0.9,0.84,0.86,216105,0.86
2009-02-26,0.84,0.86,0.84,0.85,173860,0.85
2009-02-27,0.83,0.85,0.82,0.82,190065,0.82
2009-03-04,0.8,0.81,0.78,0.8,388890,0.8
2009-03-09,0.8,0.8,0.72,0.74,320950,0.74
2009-03-13,0.77,0.8,0.75,0.8,329725,0.8
2009-03-16,0.8,0.84,0.78,0.82,373490,0.82
2009-03-17,0.8,0.83,0.8,0.8,181110,0.8
2009-03-19,0.82,0.83,0.8,0.81,148400,0.81
2009-03-23,0.85,0.85,0.82,0.83,505170,0.83
2009-03-24,0.8,0.87,0.8,0.8,509595,0.8
2009-03-26,0.8,0.83,0.73,0.81,781305,0.81
2009-03-30,0.87,0.89,0.8,0.84,610995,0.84
2009-04-02,0.87,0.91,0.86,0.9,1430645,0.9
2009-04-06,0.94,0.98,0.92,0.98,1216485,0.98
2009-04-08,0.98,1.08,0.94,0.94,1979370,0.94
2009-04-09,1.03,1.13,1.03,1.06,1901285,1.06
2009-04-13,1.04,1.12,1.04,1.12,1228425,1.12
2009-04-17,1.1,1.2,1.1,1.15,1457275,1.15
2009-04-21,1.12,1.16,1.1,1.11,357130,1.11
2009-04-22,1.1,1.19,1.08,1.08,914710,1.08
2009-04-23,1.06,1.08,1.04,1.07,373435,1.07
2009-04-28,1.03,1.04,1,1,393110,1
2009-04-29,0.98,1,0.95,0.99,600315,0.99
2009-04-30,0.99,0.99,0.99,0.99,0,0.99
2009-05-04,0.99,0.99,0.99,0.99,0,0.99
2009-05-06,1.13,1.13,1.05,1.12,761215,1.12
2009-05-07,1.08,1.14,1.06,1.06,1503670,1.06
2009-05-08,1.14,1.26,1.14,1.14,3282670,1.14
2009-05-11,1.33,1.33,1.2,1.2,885270,1.2
2009-05-12,1.2,1.24,1.14,1.14,595250,1.14
2009-05-18,1.12,1.12,1.12,1.12,0,1.12
2009-05-19,1.17,1.17,1.17,1.17,461610,1.17
2009-05-20,1.2,1.23,1.19,1.23,291885,1.23
2009-05-25,1.44,1.44,1.44,1.44,120925,1.44
2009-05-28,1.68,1.68,1.68,1.68,148695,1.68
2009-05-29,1.77,1.77,1.77,1.77,190305,1.77
2009-06-01,1.86,1.86,1.86,1.86,446755,1.86
2009-06-05,2.28,2.28,2.28,2.28,761530,2.28
2009-06-09,2.08,2.08,2.07,2.07,351455,2.07
2009-06-10,1.97,2.08,1.97,1.97,3785145,1.97
2009-06-11,1.9,1.96,1.88,1.88,649645,1.88
2009-06-17,1.8,1.88,1.69,1.88,825025,1.88
2009-06-18,1.61,1.74,1.61,1.61,535225,1.61
2009-06-22,1.53,1.59,1.5,1.5,803855,1.5
2009-06-24,1.5,1.55,1.49,1.49,298995,1.49
2009-06-25,1.6,1.6,1.5,1.53,582095,1.53
2009-06-29,1.51,1.59,1.51,1.56,295125,1.56
2009-07-01,1.57,1.57,1.46,1.46,288450,1.46
2009-07-03,1.47,1.55,1.44,1.44,629705,1.44
2009-07-07,1.41,1.42,1.34,1.34,305180,1.34
2009-07-08,1.4,1.4,1.32,1.32,355785,1.32
2009-07-09,1.32,1.32,1.26,1.26,287255,1.26
2009-07-10,1.33,1.33,1.2,1.2,458445,1.2
2009-07-14,1.22,1.27,1.2,1.2,819700,1.2
2009-07-15,1.3,1.32,1.3,1.3,258545,1.3
2009-07-16,1.39,1.39,1.33,1.33,824440,1.33
2009-07-20,1.5,1.53,1.5,1.53,722305,1.53
2009-07-22,1.55,1.6,1.48,1.54,495125,1.54
2009-07-24,1.52,1.54,1.45,1.48,631400,1.48
2009-07-27,1.46,1.55,1.43,1.51,925605,1.51
2009-07-28,1.4,1.53,1.4,1.53,559815,1.53
2009-07-30,1.47,1.48,1.42,1.44,234540,1.44
2009-08-05,1.52,1.56,1.49,1.49,638130,1.49
2009-08-07,1.51,1.52,1.45,1.46,279275,1.46
2009-08-12,1.42,1.43,1.38,1.4,421575,1.4
2009-08-13,1.4,1.48,1.4,1.48,414595,1.48
2009-08-17,1.62,1.64,1.58,1.58,1576865,1.58
2009-08-18,1.58,1.58,1.58,1.58,0,1.58
2009-08-21,1.58,1.58,1.58,1.58,0,1.58
2009-08-24,1.68,1.68,1.59,1.6,708050,1.6
2009-08-26,1.6,1.64,1.58,1.61,941900,1.61
2009-08-28,1.68,1.76,1.67,1.71,989700,1.71
2009-09-03,1.78,1.8,1.69,1.7,816480,1.7
2009-09-04,1.7,1.8,1.69,1.8,1491600,1.8
2009-09-08,1.95,1.98,1.8,1.82,3217665,1.82
2009-09-10,1.8,1.88,1.76,1.76,1086115,1.76
2009-09-14,1.8,1.8,1.68,1.72,742720,1.72
2009-09-17,1.99,1.99,1.94,1.99,6739380,1.99
2009-09-22,1.97,2.06,1.96,2.02,2983365,2.02
2009-09-24,2.04,2.06,1.98,2.01,1398410,2.01
2009-09-29,2.08,2.08,2,2.02,787060,2.02
2009-09-30,2.02,2.07,2,2.04,1717810,2.04
2009-10-01,2.05,2.07,1.99,2.05,1459585,2.05
2009-10-05,2.05,2.05,2.05,2.05,0,2.05
2009-10-12,1.79,1.82,1.77,1.79,525575,1.79
2009-10-15,1.81,1.92,1.79,1.84,825120,1.84
2009-10-22,1.76,1.8,1.72,1.74,442610,1.74
2009-10-27,1.62,1.64,1.58,1.58,430755,1.58
2009-10-28,1.58,1.59,1.5,1.55,602660,1.55
2009-10-29,1.5,1.6,1.47,1.5,618475,1.5
2009-11-03,1.54,1.6,1.48,1.48,671455,1.48
2009-11-09,1.63,1.78,1.63,1.78,1485410,1.78
2009-11-10,1.86,1.88,1.71,1.76,882745,1.76
2009-11-11,1.88,1.88,1.72,1.75,494125,1.75
2009-11-17,1.68,1.72,1.64,1.67,349080,1.67
2009-11-18,1.74,1.83,1.64,1.76,2765575,1.76
2009-11-19,1.79,1.88,1.75,1.83,2114580,1.83
2009-11-23,1.78,1.82,1.75,1.75,635405,1.75
2009-11-24,1.79,1.79,1.71,1.73,424410,1.73
2009-11-26,1.7,1.74,1.65,1.68,377540,1.68
2009-11-27,1.64,1.66,1.6,1.66,525745,1.66
2009-12-04,1.79,1.81,1.75,1.77,493720,1.77
2009-12-09,1.82,1.84,1.79,1.79,486235,1.79
2009-12-16,1.77,1.79,1.76,1.78,266755,1.78
2009-12-17,1.8,1.81,1.78,1.79,312520,1.79
2009-12-18,1.8,1.86,1.72,1.77,1739650,1.77
2009-12-23,1.82,1.88,1.82,1.85,1244860,1.85
2009-12-29,2.04,2.25,2.04,2.25,7745460,2.25
2009-12-31,2.49,2.49,2.43,2.49,5808475,2.49
2010-01-04,2.49,2.62,2.49,2.62,6529815,2.62
2010-01-05,2.74,2.76,2.49,2.49,13773655,2.49
2010-01-06,2.55,2.63,2.41,2.55,6063375,2.55
2010-01-07,2.54,2.62,2.48,2.56,4607960,2.56
2010-01-08,2.6,2.62,2.49,2.5,1387370,2.5
2010-01-12,2.45,2.5,2.36,2.39,1294160,2.39
2010-01-15,2.31,2.43,2.31,2.38,400550,2.38
2010-01-22,2.41,2.41,2.41,2.41,0,2.41
2010-01-27,2.41,2.41,2.41,2.41,0,2.41
2010-01-28,2.41,2.41,2.41,2.41,0,2.41
2010-02-05,2.24,2.34,2.15,2.17,1043605,2.17
2010-02-09,2.17,2.18,2.12,2.15,282190,2.15
2010-02-10,2.14,2.22,2.09,2.16,363440,2.16
2010-02-18,2.47,2.47,2.41,2.47,1759915,2.47
2010-02-19,2.4,2.42,2.35,2.35,969195,2.35
2010-02-22,2.35,2.43,2.24,2.24,838995,2.24
2010-02-23,2.27,2.27,2.13,2.15,981400,2.15
2010-02-24,2.1,2.26,2.1,2.2,957960,2.2
2010-02-25,2.21,2.27,2.16,2.2,448445,2.2
2010-02-26,2.25,2.31,2.25,2.31,1488350,2.31
2010-03-02,2.43,2.43,2.34,2.43,1045570,2.43
2010-03-05,2.74,2.83,2.56,2.83,7108170,2.83
2010-03-08,2.97,2.98,2.84,2.98,5053315,2.98
2010-03-09,3.11,3.11,2.84,2.87,5564910,2.87
2010-03-15,2.66,2.73,2.6,2.64,1669075,2.64
2010-03-18,3.04,3.07,2.81,2.94,4430790,2.94
2010-03-19,2.99,3.09,2.91,3.02,7926925,3.02
2010-03-25,2.87,3.02,2.86,3.01,11822315,3.01
2010-03-26,3.05,3.05,2.86,2.88,2361090,2.88
2010-03-29,2.9,2.92,2.75,2.77,2118825,2.77
2010-04-09,3.35,3.4,3.3,3.34,1737785,3.34
2010-04-12,3.37,3.44,3.29,3.35,2107660,3.35
2010-04-13,3.36,3.52,3.3,3.52,4387735,3.52
2010-04-16,3.56,3.75,3.48,3.74,9453325,3.74
2010-04-19,3.68,3.92,3.6,3.88,9684810,3.88
2010-04-20,3.95,4.04,3.84,3.89,7626905,3.89
2010-04-21,3.9,3.95,3.75,3.8,3642480,3.8
2010-04-23,3.53,3.75,3.53,3.6,2887290,3.6
2010-04-26,3.66,3.68,3.53,3.55,1936965,3.55
2010-04-27,3.48,3.6,3.47,3.5,1949795,3.5
2010-04-28,3.45,3.46,3.33,3.33,3872225,3.33
2010-05-06,3.35,3.49,3.19,3.35,2848880,3.35
2010-05-07,3.22,3.26,3.12,3.16,2568480,3.16
2010-05-12,3.32,3.33,3.16,3.29,1445340,3.29
2010-05-13,3.32,3.32,3.16,3.19,1532810,3.19
2010-05-14,3.11,3.22,3.01,3.04,1409385,3.04
2010-05-18,3.16,3.26,3.12,3.14,1337275,3.14
2010-05-19,3.14,3.28,3.04,3.09,1955115,3.09
2010-05-24,3.02,3.25,2.95,2.99,4388595,2.99
2010-05-26,2.9,2.9,2.53,2.78,2633665,2.78
2010-05-28,2.92,2.98,2.86,2.89,1235335,2.89
2010-06-02,2.8,2.81,2.73,2.77,603450,2.77
2010-06-03,2.84,2.84,2.78,2.8,581620,2.8
2010-06-11,2.87,2.87,2.75,2.77,1000290,2.77
2010-06-14,2.82,2.83,2.75,2.81,602545,2.81
2010-06-21,3.02,3.11,2.97,3.09,2658290,3.09
2010-06-22,3.06,3.11,2.99,3,1645905,3
2010-06-24,3.02,3.06,2.96,2.98,651860,2.98
2010-06-28,2.98,3.02,2.93,2.94,527895,2.94
2010-06-29,2.97,2.98,2.88,2.9,554885,2.9
2010-06-30,2.85,2.9,2.81,2.83,1015545,2.83
2010-07-01,2.86,2.88,2.82,2.83,486665,2.83
2010-07-02,2.8,2.87,2.8,2.82,691885,2.82
2010-07-05,2.8,2.86,2.76,2.79,587615,2.79
2010-07-08,3.02,3.02,2.92,2.94,816070,2.94
2010-07-09,3,3.09,2.92,3.01,2575070,3.01
2010-07-14,3.02,3.07,2.8,2.94,1487800,2.94
2010-07-21,2.86,2.94,2.82,2.86,3154860,2.86
2010-07-22,2.82,2.94,2.82,2.91,1422170,2.91
2010-07-27,2.76,2.8,2.73,2.74,762685,2.74
2010-07-28,2.79,2.79,2.7,2.71,1183280,2.71
2010-07-29,2.78,2.81,2.7,2.73,1395625,2.73
2010-07-30,2.73,2.73,2.62,2.63,1529515,2.63
2010-08-04,2.66,2.66,2.52,2.6,1110665,2.6
2010-08-06,2.69,2.7,2.6,2.61,635295,2.61
2010-08-12,2.51,2.59,2.47,2.47,2088765,2.47
2010-08-13,2.5,2.56,2.5,2.51,980280,2.51
2010-08-16,2.42,2.68,2.42,2.62,3529325,2.62
2010-08-17,2.64,2.67,2.52,2.54,1236465,2.54
2010-08-18,2.59,2.59,2.46,2.54,1037515,2.54
2010-08-19,2.52,2.58,2.47,2.49,929405,2.49
2010-08-23,2.45,2.67,2.45,2.56,2542005,2.56
2010-08-25,2.51,2.52,2.45,2.47,279685,2.47
2010-08-26,2.58,2.58,2.45,2.46,430825,2.46
2010-08-31,2.41,2.62,2.41,2.49,2569255,2.49
2010-09-03,2.65,2.76,2.63,2.68,4821410,2.68
2010-09-06,2.69,2.79,2.69,2.75,2370820,2.75
2010-09-09,2.7,2.74,2.65,2.67,1883350,2.67
2010-09-13,2.77,2.77,2.57,2.58,1609380,2.58
2010-09-14,2.59,2.64,2.51,2.55,1107055,2.55
2010-09-15,2.6,2.6,2.52,2.54,981895,2.54
2010-09-16,2.54,2.57,2.47,2.5,1063015,2.5
2010-09-21,2.56,2.56,2.48,2.49,1484575,2.49
2010-09-24,2.41,2.49,2.41,2.46,846875,2.46
2010-09-28,2.48,2.49,2.45,2.47,557305,2.47
2010-09-30,2.46,2.51,2.46,2.47,930320,2.47
2010-10-01,2.49,2.53,2.47,2.51,1701760,2.51
2010-10-06,2.56,2.74,2.52,2.65,6636005,2.65
2010-10-07,2.65,2.76,2.55,2.57,1940630,2.57
2010-10-12,2.65,2.65,2.51,2.54,486285,2.54
2010-10-13,2.55,2.65,2.5,2.61,2578465,2.61
2010-10-15,2.55,2.63,2.55,2.58,908845,2.58
2010-10-18,2.56,2.58,2.5,2.52,528350,2.52
2010-10-19,2.52,2.56,2.51,2.54,2423765,2.54
2010-10-22,2.49,2.54,2.49,2.51,733250,2.51
2010-10-28,2.94,2.94,2.8,2.82,1609580,2.82
2010-10-29,2.85,2.88,2.6,2.71,1970420,2.71
2010-11-01,2.8,2.87,2.64,2.82,1207860,2.82
2010-11-08,2.8,2.88,2.76,2.8,447500,2.8
2010-11-10,2.94,2.99,2.86,2.89,1529725,2.89
2010-11-15,2.9,2.95,2.79,2.86,3066735,2.86
2010-11-16,2.86,2.9,2.72,2.78,3868230,2.78
2010-11-18,2.8,2.92,2.73,2.76,2032825,2.76
2010-11-19,2.78,2.8,2.74,2.75,879455,2.75
2010-11-23,2.79,2.82,2.65,2.78,1447700,2.78
2010-11-26,2.75,2.75,2.52,2.55,3635455,2.55
2010-11-29,2.55,2.59,2.5,2.53,1039200,2.53
2010-11-30,2.57,2.72,2.56,2.61,2095535,2.61
2010-12-02,2.78,2.78,2.61,2.62,324730,2.62
2010-12-03,2.61,2.66,2.54,2.55,1063030,2.55
2010-12-08,2.55,2.55,2.48,2.53,338955,2.53
2010-12-09,2.51,2.55,2.41,2.42,1957945,2.42
2010-12-14,2.5,2.59,2.5,2.58,1016200,2.58
2010-12-20,2.6,2.79,2.6,2.71,2389230,2.71
2010-12-23,2.74,2.86,2.73,2.82,3119675,2.82
2010-12-28,2.81,2.82,2.8,2.8,467300,2.8
2010-12-29,2.8,2.83,2.8,2.8,322355,2.8
2010-12-31,2.82,2.9,2.82,2.87,1102895,2.87
2011-01-03,2.9,3.05,2.85,2.97,9560785,2.97
2011-01-05,3.26,3.49,3.22,3.42,24414145,3.42
2011-01-07,3.5,3.53,3.3,3.32,9454500,3.32
2011-01-11,3.2,3.46,3.2,3.25,2444965,3.25
2011-01-18,3.8,3.85,3.66,3.78,6868410,3.78
2011-01-19,3.78,3.79,3.68,3.75,4914540,3.75
2011-01-20,3.75,4.45,3.68,4.34,47165070,4.34
2011-01-21,4.32,4.77,4.2,4.4,46304820,4.4
2011-01-24,4.4,4.54,4.13,4.19,11882130,4.19
2011-01-28,4.25,4.28,3.77,3.92,18877085,3.92
2011-01-31,3.81,4.04,3.8,3.9,7271130,3.9
2011-02-01,3.94,3.97,3.7,3.74,3859055,3.74
2011-02-08,3.65,3.76,3.39,3.44,4830875,3.44
2011-02-09,3.4,3.42,2.84,3.05,6686805,3.05
2011-02-15,3.73,3.78,3.64,3.7,2978070,3.7
2011-02-17,3.65,3.74,3.61,3.69,1867300,3.69
2011-02-18,3.78,3.78,3.43,3.47,1748350,3.47
2011-02-21,3.47,3.54,3.35,3.41,1506270,3.41
2011-03-07,3.29,3.55,3.25,3.39,2198395,3.39
2011-03-11,3.35,3.36,3.27,3.29,906850,3.29
2011-03-14,3.26,3.44,3.26,3.4,1864255,3.4
2011-03-15,3.3,3.4,3.05,3.25,908570,3.25
2011-03-16,3.3,3.44,3.28,3.4,3209095,3.4
2011-03-22,3.25,3.28,3.2,3.24,468955,3.24
2011-03-23,3.2,3.3,3.2,3.23,1047860,3.23
2011-03-24,3.24,3.31,3.22,3.23,1314295,3.23
2011-03-28,3.26,3.3,3.18,3.26,820795,3.26
2011-03-30,3.2,3.88,3.2,3.88,36271565,3.88
2011-04-04,3.96,4.24,3.9,4.18,12370285,4.18
2011-04-06,4.28,4.44,4.08,4.29,20720955,4.29
2011-04-07,4.33,4.48,4.23,4.37,13249105,4.37
2011-04-13,4.16,4.29,4.12,4.2,3719405,4.2
2011-04-18,4.27,4.28,4.08,4.11,4275220,4.11
2011-04-19,4.1,4.22,4.06,4.15,3917910,4.15
2011-04-21,4.42,4.45,4.19,4.21,8419785,4.21
2011-04-25,4.24,4.35,4.15,4.27,4482410,4.27
2011-04-27,4.26,4.35,4.09,4.1,5511520,4.1
2011-04-29,3.96,4,3.71,3.78,4372135,3.78
2011-05-03,3.72,3.82,3.56,3.6,4791435,3.6
2011-05-05,3.6,3.63,3.42,3.44,3229475,3.44
2011-05-09,3.57,3.57,3.45,3.54,1597710,3.54
2011-05-10,3.66,3.84,3.57,3.58,8727735,3.58
2011-05-13,3.55,3.69,3.45,3.53,7072425,3.53
2011-05-17,3.59,3.6,3.42,3.44,1629185,3.44
2011-05-19,3.44,3.44,3.33,3.35,1592325,3.35
2011-05-20,3.34,3.49,3.34,3.4,1236955,3.4
2011-05-23,3.36,3.4,3.18,3.19,3535410,3.19
2011-05-25,3.16,3.16,3.07,3.09,1975060,3.09
2011-05-30,3.18,3.2,3.14,3.18,1615790,3.18
2011-06-09,3.97,4.01,3.83,3.86,5371665,3.86
2011-06-13,3.87,3.92,3.82,3.83,3402915,3.83
2011-06-14,3.88,3.89,3.74,3.77,6413295,3.77
2011-06-15,3.82,3.88,3.66,3.75,6989795,3.75
2011-06-16,3.68,3.71,3.58,3.6,3293720,3.6
2011-06-21,3.24,3.41,3.22,3.23,4504275,3.23
2011-06-23,3.38,3.46,3.3,3.32,3302055,3.32
2011-06-24,3.35,3.47,3.35,3.4,2810365,3.4
2011-06-28,3.4,3.47,3.35,3.45,5158390,3.45
2011-07-01,3.34,3.55,3.28,3.48,6724125,3.48
2011-07-05,3.52,3.92,3.5,3.69,22954070,3.69
2011-07-06,3.75,3.75,3.52,3.56,5974840,3.56
2011-07-12,3.41,3.49,3.35,3.38,2157845,3.38
2011-07-13,3.4,3.49,3.38,3.46,1212675,3.46
2011-07-14,3.44,3.55,3.41,3.47,1970075,3.47
2011-07-18,3.45,3.5,3.38,3.39,1664110,3.39
2011-07-21,3.39,3.43,3.31,3.33,1839515,3.33
2011-07-22,3.39,3.52,3.35,3.41,3843215,3.41
2011-07-27,3.38,3.38,3.25,3.27,1495630,3.27
2011-07-28,3.27,3.28,3.22,3.25,2313260,3.25
2011-08-01,3.25,3.28,3.21,3.24,1324095,3.24
2011-08-04,3.27,3.28,3.09,3.12,1715775,3.12
2011-08-09,2.92,3.1,2.92,3.05,1875560,3.05
2011-08-17,3,3,2.8,2.82,1470040,2.82
2011-08-19,2.81,2.82,2.7,2.74,1575150,2.74
2011-08-23,2.82,2.93,2.8,2.87,751170,2.87
2011-08-24,2.84,2.89,2.75,2.77,573560,2.77
2011-08-25,2.81,2.81,2.68,2.7,802650,2.7
2011-08-30,3,3.03,2.88,2.89,1544525,2.89
2011-09-06,2.9,3.07,2.86,3.02,1676505,3.02
2011-09-13,2.98,3.06,2.83,2.87,1042025,2.87
2011-09-14,2.9,3,2.87,2.9,1240475,2.9
2011-09-15,2.9,2.93,2.85,2.9,528280,2.9
2011-09-21,2.89,2.93,2.85,2.88,678035,2.88
2011-09-22,2.88,2.88,2.75,2.78,835845,2.78
2011-09-26,2.79,2.8,2.65,2.68,775670,2.68
2011-09-29,2.61,2.66,2.58,2.6,560750,2.6
2011-10-04,2.42,2.53,2.41,2.42,784285,2.42
2011-10-05,2.47,2.47,2.33,2.35,407395,2.35
2011-10-07,2.42,2.49,2.4,2.41,591945,2.41
2011-10-10,2.44,2.56,2.42,2.52,852875,2.52
2011-10-11,2.58,2.64,2.49,2.5,316325,2.5
2011-10-12,2.51,2.6,2.5,2.56,626450,2.56
2011-10-18,2.54,2.59,2.41,2.45,276100,2.45
2011-10-19,2.45,2.52,2.43,2.44,316665,2.44
2011-10-20,2.44,2.46,2.41,2.43,559725,2.43
2011-10-21,2.43,2.53,2.36,2.37,1559570,2.37
2011-10-31,2.45,2.45,2.36,2.37,594215,2.37
2011-11-08,2.42,2.57,2.42,2.5,468680,2.5
2011-11-11,2.38,2.4,2.32,2.35,602495,2.35
2011-11-14,2.4,2.41,2.26,2.28,557515,2.28
2011-11-16,2.1,2.1,1.83,1.87,1212805,1.87
2011-11-17,1.95,2.02,1.87,1.92,1352370,1.92
2011-11-18,1.97,1.98,1.83,1.94,429225,1.94
2011-11-22,1.84,1.91,1.83,1.84,509310,1.84
2011-11-23,1.84,1.87,1.67,1.74,2941035,1.74
2011-11-25,1.79,1.85,1.68,1.74,861135,1.74
2011-11-30,1.8,1.81,1.76,1.77,263105,1.77
2011-12-01,1.84,1.85,1.76,1.78,371475,1.78
2011-12-02,1.78,1.85,1.73,1.82,373060,1.82
2011-12-05,1.8,1.83,1.79,1.8,244025,1.8
2011-12-07,1.8,1.8,1.8,1.8,0,1.8
2011-12-13,1.66,1.66,1.6,1.63,457205,1.63
2011-12-14,1.62,1.67,1.59,1.6,160275,1.6
2011-12-15,1.62,1.62,1.52,1.58,571800,1.58
2011-12-20,1.43,1.44,1.36,1.37,534800,1.37
2011-12-21,1.4,1.45,1.36,1.38,757745,1.38
2011-12-28,1.76,1.8,1.66,1.68,559330,1.68
2011-12-29,1.7,1.7,1.61,1.62,275380,1.62
2011-12-30,1.69,1.71,1.54,1.57,959580,1.57
2012-01-05,1.54,1.55,1.47,1.51,800390,1.51
2012-01-10,1.76,1.92,1.68,1.86,4889780,1.86
2012-01-16,1.88,1.98,1.8,1.93,2144110,1.93
2012-01-19,1.91,2.28,1.91,2.23,6368350,2.23
2012-01-20,2.23,2.25,2.1,2.13,1852195,2.13
2012-01-23,2.12,2.2,2.02,2.04,804990,2.04
2012-01-24,2.06,2.14,1.9,2,2376215,2
2012-01-27,2.07,2.07,2.07,2.07,0,2.07
2012-01-30,2.04,2.46,2.02,2.43,11545640,2.43
2012-02-03,2.49,2.51,2.37,2.39,2968790,2.39
2012-02-06,2.65,2.84,2.56,2.61,12272425,2.61
2012-02-10,2.48,2.69,2.48,2.56,4170290,2.56
2012-02-15,2.56,2.56,2.47,2.49,2268990,2.49
2012-02-17,2.51,2.53,2.41,2.43,1975480,2.43
2012-02-21,2.43,2.43,2.43,2.43,0,2.43
2012-02-29,2.32,2.32,2.17,2.19,2025705,2.19
2012-03-01,2.22,2.25,2.12,2.21,1057625,2.21
2012-03-02,2.29,2.29,2.14,2.16,1716325,2.16
2012-03-09,2,2.1,2,2.06,712290,2.06
2012-03-15,2.08,2.26,2.03,2.22,4950595,2.22
2012-03-16,2.3,2.3,2.1,2.13,1873150,2.13
2012-03-19,2.19,2.22,2.03,2.06,1911770,2.06
2012-03-20,2.04,2.13,2,2.01,1977800,2.01
2012-03-27,1.87,1.88,1.74,1.77,1653800,1.77
2012-03-29,1.7,1.76,1.69,1.73,1877730,1.73
2012-04-03,2.56,2.56,2.07,2.1,3848935,2.1
2012-04-09,2.17,2.21,2.12,2.16,2475080,2.16
2012-04-10,2.2,2.25,2.17,2.2,1089420,2.2
2012-04-13,2.17,2.17,2.05,2.08,838820,2.08
2012-04-16,2.12,2.19,2.05,2.15,1065935,2.15
2012-04-17,2.14,2.18,2.11,2.13,709260,2.13
2012-04-30,1.89,1.97,1.89,1.95,715775,1.95
2012-05-02,1.95,1.99,1.92,1.94,1190045,1.94
2012-05-04,1.87,1.88,1.82,1.86,968730,1.86
2012-05-07,1.85,1.85,1.76,1.83,1113405,1.83
2012-05-08,1.86,1.86,1.79,1.81,486740,1.81
2012-05-18,1.61,1.71,1.61,1.68,899790,1.68
2012-05-22,1.72,1.72,1.67,1.68,273700,1.68
2012-05-24,1.74,1.74,1.64,1.67,321070,1.67
2012-05-25,1.67,1.7,1.64,1.65,666410,1.65
2012-05-28,1.7,1.7,1.61,1.69,642005,1.69
2012-05-29,1.76,1.84,1.69,1.79,1521580,1.79
2012-05-30,1.78,1.8,1.73,1.74,322900,1.74
2012-05-31,1.7,1.75,1.67,1.69,285295,1.69
2012-06-01,1.7,1.74,1.67,1.68,880395,1.68
2012-06-04,1.67,1.75,1.63,1.72,272160,1.72
2012-06-06,1.71,1.86,1.69,1.83,1232260,1.83
2012-06-07,1.91,1.91,1.73,1.75,1227415,1.75
2012-06-12,1.73,1.78,1.72,1.77,139715,1.77
2012-06-13,1.77,1.8,1.75,1.76,182610,1.76
2012-06-15,1.72,1.73,1.67,1.69,474790,1.69
2012-06-18,1.7,1.7,1.61,1.66,713975,1.66
2012-06-25,1.87,1.91,1.78,1.85,452040,1.85
2012-06-26,1.87,1.87,1.81,1.84,310635,1.84
2012-06-28,1.91,1.93,1.85,1.89,652265,1.89
2012-07-03,2.04,2.06,1.98,1.99,699335,1.99
2012-07-04,2,2.08,1.93,2.06,810725,2.06
2012-07-06,2.07,2.1,1.95,2.06,389305,2.06
2012-07-09,2.06,2.09,2.01,2.03,235415,2.03
2012-07-12,2.02,2.03,2,2.02,521170,2.02
2012-07-13,2.02,2.04,2.01,2.01,383280,2.01
2012-07-18,2.27,2.27,2.14,2.2,2787910,2.2
2012-07-19,2.18,2.22,2.18,2.21,1085165,2.21
2012-07-24,2.21,2.22,2.2,2.2,635915,2.2
2012-07-30,2.18,2.21,2.18,2.19,823770,2.19
2012-07-31,2.2,2.2,2.17,2.19,188645,2.19
2012-08-01,2.2,2.22,2.16,2.19,306855,2.19
2012-08-03,2.26,2.26,2.14,2.18,325090,2.18
2012-08-06,2.23,2.23,2.16,2.19,2425405,2.19
2012-08-07,2.18,2.2,2.17,2.17,131645,2.17
2012-08-08,2.2,2.22,2.15,2.16,3072400,2.16
2012-08-13,2.19,2.19,2.14,2.15,1608155,2.15
2012-08-16,2.1,2.13,2.1,2.11,308260,2.11
2012-08-17,2.1,2.13,2.1,2.1,697275,2.1
2012-08-21,2.1,2.1,2.1,2.1,0,2.1
2012-08-29,2.08,2.17,2.08,2.17,3639505,2.17
2012-08-30,2.2,2.23,2.14,2.17,2133255,2.17
2012-08-31,2.08,2.18,2.08,2.17,423725,2.17
2012-09-03,2.17,2.2,2.15,2.17,301650,2.17
2012-09-04,2.13,2.19,2.13,2.18,516780,2.18
2012-09-05,2.16,2.19,2.16,2.19,251860,2.19
2012-09-06,2.18,2.2,2.17,2.19,784635,2.19
2012-09-07,2.27,2.27,2.21,2.24,2055400,2.24
2012-09-13,2.24,2.25,2.24,2.24,681700,2.24
2012-09-17,2.24,2.26,2.24,2.24,1095490,2.24
2012-09-20,2.24,2.25,2.2,2.24,2188835,2.24
2012-09-21,2.24,2.26,2.24,2.24,621165,2.24
2012-09-26,2.07,2.25,2.07,2.23,973915,2.23
2012-09-28,2.22,2.25,2.22,2.24,248865,2.24
2012-10-01,2.24,2.25,2.22,2.23,744020,2.23
2012-10-03,2.23,2.27,2.22,2.24,431175,2.24
2012-10-04,2.23,2.27,2.23,2.25,321895,2.25
2012-10-05,2.23,2.26,2.23,2.24,320830,2.24
2012-10-10,2.28,2.3,2.28,2.29,814595,2.29
2012-10-11,2.28,2.3,2.28,2.29,388845,2.29
2012-10-15,2.29,2.3,2.29,2.29,226045,2.29
2012-10-16,2.29,2.3,2.29,2.29,424465,2.29
2012-10-17,2.29,2.31,2.29,2.3,1806585,2.3
2012-10-19,2.3,2.31,2.3,2.3,557405,2.3
2012-10-22,2.32,2.32,2.3,2.3,177775,2.3
2012-10-25,2.3,2.31,2.3,2.3,173885,2.3
2012-10-29,2.3,2.31,2.3,2.3,407790,2.3
2012-11-01,2.31,2.32,2.31,2.31,277790,2.31
2012-11-02,2.31,2.32,2.31,2.31,1412095,2.31
2012-11-05,2.31,2.32,2.31,2.31,664580,2.31
2012-11-06,2.3,2.31,2.08,2.18,851045,2.18
2012-11-12,2.58,2.6,2.44,2.49,283025,2.49
2012-11-15,2.49,2.49,2.49,2.49,0,2.49
2012-11-20,2.8,2.8,2.5,2.51,2004555,2.51
2012-11-23,2.35,2.46,2.34,2.4,438730,2.4
2012-11-29,2.35,2.39,2.31,2.32,629380,2.32
2012-12-03,2.36,2.48,2.35,2.36,683795,2.36
2012-12-07,2.5,2.54,2.45,2.45,319540,2.45
2012-12-11,2.41,2.49,2.37,2.39,304310,2.39
2012-12-12,2.39,2.4,2.3,2.31,449205,2.31
2012-12-17,2.21,2.32,2.21,2.26,371610,2.26
2012-12-18,2.28,2.55,2.26,2.45,1211495,2.45
2012-12-21,2.46,2.52,2.26,2.29,1202980,2.29
2012-12-26,2.34,2.34,2.34,2.34,0,2.34
2012-12-28,2.36,2.76,2.31,2.74,13518270,2.74
2012-12-31,2.72,2.9,2.72,2.84,6138315,2.84
2013-01-07,2.72,2.91,2.7,2.81,2155490,2.81
2013-01-08,2.83,2.86,2.75,2.78,690640,2.78
2013-01-09,2.79,2.82,2.73,2.74,818240,2.74
2013-01-10,2.64,2.78,2.64,2.68,482045,2.68
2013-01-15,2.65,2.8,2.65,2.7,587415,2.7
2013-01-18,2.78,2.78,2.62,2.66,405495,2.66
2013-01-21,2.66,2.79,2.62,2.74,2377375,2.74
2013-01-23,3.16,3.32,3.12,3.19,6955990,3.19
2013-01-25,2.97,3.22,2.86,3.1,2992330,3.1
2013-01-28,3.06,3.23,3.04,3.07,2442540,3.07
2013-02-04,3.04,3.16,2.82,2.92,5535990,2.92
2013-02-07,2.84,2.87,2.73,2.75,923365,2.75
2013-02-08,2.78,2.78,2.68,2.7,519290,2.7
2013-02-11,2.5,2.79,2.5,2.67,396550,2.67
2013-02-13,2.67,2.77,2.58,2.61,777200,2.61
2013-02-14,2.6,2.66,2.55,2.56,506735,2.56
2013-02-18,2.44,2.56,2.42,2.52,629385,2.52
2013-02-20,2.55,2.67,2.53,2.59,779040,2.59
2013-02-25,2.63,2.64,2.45,2.47,407555,2.47
2013-02-28,2.47,2.5,2.29,2.31,432880,2.31
2013-03-01,2.29,2.38,2.25,2.32,544425,2.32
2013-03-04,2.3,2.34,2.2,2.23,603860,2.23
2013-03-05,2.22,2.45,2.13,2.39,1300385,2.39
2013-03-08,2.48,2.48,2.36,2.38,519700,2.38
2013-03-14,2.46,2.46,2.3,2.37,715925,2.37
2013-03-19,2.31,2.37,2.26,2.27,275840,2.27
2013-03-20,2.33,2.56,2.21,2.23,1963925,2.23
2013-03-25,1.82,2.15,1.64,1.89,1366270,1.89
2013-03-26,1.9,2.02,1.9,1.98,514195,1.98
2013-03-28,1.98,2.04,1.93,2.02,580010,2.02
2013-04-02,2,2.22,2,2.17,581360,2.17
2013-04-10,1.94,1.98,1.92,1.94,298970,1.94
2013-04-16,1.92,2,1.9,1.98,222875,1.98
2013-04-25,2,2,2,2,0,2
2013-04-29,1.93,1.97,1.93,1.95,91145,1.95
2013-05-07,2.15,2.18,1.98,1.99,331410,1.99
2013-05-13,2,2.06,1.95,1.98,959310,1.98
2013-05-14,2.01,2.01,1.94,1.97,241060,1.97
2013-05-15,1.96,2.02,1.96,1.98,157410,1.98
2013-05-16,2.03,2.03,1.95,1.98,321235,1.98
2013-05-20,1.97,2.02,1.96,1.98,340200,1.98
2013-05-21,2,2.02,1.96,1.97,1034130,1.97
2013-05-23,1.99,1.99,1.91,1.96,302270,1.96
2013-05-29,1.9,1.96,1.9,1.92,137595,1.92
2013-06-04,1.82,1.9,1.82,1.83,289280,1.83
2013-06-07,1.85,1.85,1.75,1.77,106100,1.77
2013-06-10,1.81,1.81,1.75,1.8,223220,1.8
2013-06-14,1.69,1.69,1.59,1.61,239010,1.61
2013-06-17,1.61,1.69,1.45,1.55,659830,1.55
2013-06-18,1.52,1.62,1.51,1.61,62315,1.61
2013-06-24,1.95,1.95,1.69,1.74,94340,1.74
2013-06-27,1.77,1.77,1.66,1.67,74275,1.67
2013-07-02,1.66,1.67,1.56,1.58,321915,1.58
2013-07-03,1.62,1.62,1.49,1.51,152515,1.51
2013-07-05,1.55,1.55,1.49,1.49,141515,1.49
2013-07-08,1.5,1.51,1.49,1.49,101575,1.49
2013-07-11,1.53,1.57,1.46,1.5,213270,1.5
2013-07-15,1.58,1.58,1.46,1.48,151745,1.48
2013-07-16,1.51,1.51,1.45,1.46,61660,1.46
2013-07-17,1.52,1.52,1.44,1.44,111655,1.44
2013-07-26,1.38,1.43,1.38,1.4,188930,1.4
2013-07-29,1.36,1.45,1.36,1.4,138950,1.4
2013-07-30,1.4,1.41,1.38,1.4,267450,1.4
2013-08-02,1.42,1.42,1.16,1.19,700245,1.19
2013-08-05,1.19,1.27,1.11,1.13,457510,1.13
2013-08-16,1.24,1.24,1.24,1.24,0,1.24
2013-08-19,1.27,1.27,1.19,1.22,191590,1.22
2013-08-20,1.22,1.25,1.19,1.23,60220,1.23
2013-08-23,1.26,1.32,1.21,1.22,229465,1.22
2013-08-26,1.26,1.27,1.23,1.24,59750,1.24
2013-08-27,1.24,1.28,1.2,1.21,118830,1.21
2013-08-30,1.2,1.25,1.2,1.2,81405,1.2
2013-09-03,1.25,1.25,1.2,1.2,78240,1.2
2013-09-04,1.2,1.22,1.2,1.2,62980,1.2
2013-09-05,1.29,1.29,1.21,1.25,69920,1.25
2013-09-06,1.26,1.33,1.23,1.24,59505,1.24
2013-09-12,1.44,1.44,1.34,1.37,75250,1.37
2013-09-13,1.35,1.4,1.32,1.36,202115,1.36
2013-09-16,1.49,1.49,1.28,1.3,164940,1.3
2013-09-17,1.26,1.37,1.26,1.3,50585,1.3
2013-09-20,1.35,1.35,1.26,1.28,69515,1.28
2013-09-24,1.36,1.36,1.24,1.25,66475,1.25
2013-09-26,1.28,1.28,1.25,1.25,18460,1.25
2013-09-30,1.29,1.29,1.22,1.23,51735,1.23
2013-10-03,1.22,1.27,1.21,1.23,100530,1.23
2013-10-07,1.22,1.26,1.22,1.25,60565,1.25
2013-10-08,1.23,1.28,1.23,1.27,34120,1.27
2013-10-10,1.24,1.29,1.24,1.28,75645,1.28
2013-10-11,1.25,1.35,1.25,1.27,203225,1.27
2013-10-15,1.6,1.6,1.37,1.4,351430,1.4
2013-10-17,1.4,1.4,1.4,1.4,0,1.4
2013-10-24,1.32,1.38,1.28,1.3,816875,1.3
2013-10-25,1.32,1.34,1.29,1.32,233070,1.32
2013-11-01,1.31,1.38,1.31,1.33,248240,1.33
2013-11-05,1.33,1.33,1.33,1.33,0,1.33
2013-11-07,1.58,1.6,1.49,1.51,166845,1.51
2013-11-11,1.52,1.56,1.43,1.45,87390,1.45
2013-11-12,1.41,1.46,1.41,1.44,40375,1.44
2013-11-14,1.4,1.43,1.36,1.41,79630,1.41
2013-11-19,1.4,1.42,1.39,1.4,119580,1.4
2013-11-21,1.58,1.58,1.38,1.39,454490,1.39
2013-11-22,1.42,1.43,1.38,1.38,72635,1.38
2013-11-28,1.3,1.35,1.3,1.32,123890,1.32
2013-11-29,1.32,1.34,1.3,1.33,134755,1.33
2013-12-02,1.4,1.4,1.31,1.35,42835,1.35
2013-12-04,1.4,1.43,1.35,1.39,233710,1.39
2013-12-09,1.42,1.49,1.36,1.37,376625,1.37
2013-12-12,1.37,1.37,1.31,1.33,114665,1.33
2013-12-13,1.34,1.34,1.3,1.3,249135,1.3
2013-12-17,1.29,1.36,1.26,1.29,164610,1.29
2013-12-23,1.26,1.33,1.26,1.3,95775,1.3
2013-12-24,1.32,1.34,1.3,1.31,159285,1.31
2013-12-27,1.43,1.43,1.36,1.36,244205,1.36
2013-12-31,1.44,1.44,1.33,1.36,260460,1.36
2014-01-01,1.42,1.42,1.35,1.38,497300,1.38
2014-01-06,1.34,1.34,1.31,1.32,193460,1.32
2014-01-07,1.32,1.36,1.31,1.31,319515,1.31
2014-01-09,1.33,1.33,1.28,1.29,321975,1.29
2014-01-10,1.28,1.33,1.27,1.28,432240,1.28
2014-01-15,1.27,1.36,1.25,1.27,444265,1.27
2014-01-16,1.33,1.33,1.26,1.27,137980,1.27
2014-01-20,1.4,1.4,1.26,1.27,506575,1.27
2014-01-21,1.28,1.28,1.25,1.25,207850,1.25
2014-01-22,1.28,1.28,1.24,1.25,200850,1.25
2014-01-28,1.15,1.2,1.15,1.18,719950,1.18
2014-02-03,1.17,1.22,1.17,1.2,253495,1.2
2014-02-05,1.25,1.25,1.17,1.18,146475,1.18
2014-02-06,1.24,1.24,1.15,1.17,136745,1.17
2014-02-10,1.19,1.19,1.16,1.17,109585,1.17
2014-02-13,1.16,1.16,1.13,1.14,57880,1.14
2014-02-14,1.12,1.15,1.11,1.11,88070,1.11
2014-02-21,1.18,1.35,1.14,1.35,5359575,1.35
2014-02-25,1.66,1.74,1.59,1.63,3802345,1.63
2014-02-26,1.7,1.7,1.47,1.48,1119050,1.48
2014-02-28,1.48,1.48,1.34,1.37,1040230,1.37
2014-03-07,1.42,1.42,1.3,1.31,586105,1.31
2014-03-13,1.29,1.34,1.25,1.25,569600,1.25
2014-03-18,1.23,1.23,1.23,1.23,0,1.23
2014-03-21,1.21,1.27,1.21,1.22,394250,1.22
2014-03-26,1.29,1.35,1.29,1.35,940795,1.35
2014-03-27,1.45,1.45,1.34,1.35,873405,1.35
2014-04-07,1.37,1.37,1.3,1.31,292045,1.31
2014-04-15,1.43,1.49,1.41,1.43,241610,1.43
2014-04-21,1.4,1.4,1.4,1.4,0,1.4
2014-04-22,1.45,1.45,1.4,1.43,382785,1.43
2014-04-23,1.44,1.44,1.41,1.41,765025,1.41
2014-04-25,1.43,1.46,1.4,1.42,641365,1.42
2014-04-29,1.41,1.42,1.39,1.41,198375,1.41
2014-04-30,1.44,1.44,1.39,1.4,364810,1.4
2014-05-06,1.4,1.4,1.36,1.37,133530,1.37
2014-05-09,1.34,1.34,1.27,1.29,2092180,1.29
2014-05-12,1.3,1.33,1.16,1.23,2199210,1.23
2014-05-13,1.26,1.26,1.21,1.24,832065,1.24
2014-05-14,1.25,1.3,1.24,1.25,1399745,1.25
2014-05-15,1.26,1.28,1.23,1.23,333625,1.23
2014-05-16,1.24,1.27,1.18,1.19,1434010,1.19
2014-05-21,1.47,1.56,1.45,1.55,1842105,1.55
2014-05-22,1.56,1.86,1.51,1.86,6266090,1.86
2014-05-23,1.95,1.98,1.72,1.79,3140525,1.79
2014-05-28,1.6,1.65,1.54,1.6,1141075,1.6
2014-05-29,1.56,1.65,1.56,1.59,552165,1.59
2014-05-30,1.63,1.64,1.57,1.59,1236515,1.59
2014-06-05,1.79,1.82,1.73,1.78,1008960,1.78
2014-06-06,1.8,1.86,1.8,1.83,1690890,1.83
2014-06-12,1.78,1.8,1.74,1.74,257805,1.74
2014-06-13,1.72,1.78,1.57,1.6,1750105,1.6
2014-06-16,1.62,1.63,1.53,1.6,327070,1.6
2014-06-17,1.62,1.64,1.56,1.63,470715,1.63
2014-06-18,1.64,1.67,1.56,1.6,452300,1.6
2014-06-19,1.63,1.63,1.58,1.58,161710,1.58
2014-06-23,1.62,1.63,1.54,1.61,729425,1.61
2014-06-25,1.7,1.82,1.64,1.71,1859220,1.71
2014-06-26,1.71,1.77,1.68,1.72,1562495,1.72
2014-06-27,1.71,1.86,1.71,1.83,2251605,1.83
2014-07-01,1.8,1.88,1.8,1.83,1196380,1.83
2014-07-02,1.87,1.9,1.82,1.85,1403930,1.85
2014-07-03,1.86,1.86,1.8,1.8,1303110,1.8
2014-07-04,1.87,1.87,1.78,1.8,713615,1.8
2014-07-09,1.62,1.66,1.5,1.6,1257215,1.6
2014-07-11,1.81,1.86,1.63,1.66,1046350,1.66
2014-07-15,1.63,1.64,1.58,1.6,168145,1.6
2014-07-17,1.72,1.81,1.7,1.78,1392080,1.78
2014-07-18,1.76,1.77,1.69,1.72,524950,1.72
2014-07-23,1.68,1.77,1.67,1.69,413150,1.69
2014-07-24,1.74,1.74,1.66,1.67,619910,1.67
2014-07-25,1.67,1.7,1.59,1.6,2105530,1.6
2014-07-30,1.6,1.65,1.6,1.62,438380,1.62
2014-08-01,1.59,1.65,1.58,1.6,638200,1.6
2014-08-05,1.63,1.63,1.59,1.62,158455,1.62
2014-08-07,1.6,1.62,1.6,1.6,128360,1.6
2014-08-08,1.6,1.6,1.58,1.58,393390,1.58
2014-08-11,1.56,1.63,1.51,1.58,562800,1.58
2014-08-12,1.59,1.6,1.57,1.58,216530,1.58
2014-08-18,1.57,1.57,1.57,1.57,0,1.57
2014-08-19,1.6,1.6,1.56,1.6,295795,1.6
2014-08-20,1.58,1.65,1.58,1.6,262135,1.6
2014-08-21,1.56,1.64,1.56,1.59,3126460,1.59
2014-08-22,1.58,1.6,1.58,1.58,428425,1.58
2014-08-27,1.53,1.59,1.5,1.58,773160,1.58
2014-09-01,1.54,1.54,1.54,1.54,0,1.54
2014-09-03,1.5,1.54,1.5,1.51,140795,1.51
2014-09-08,1.48,1.52,1.46,1.46,676215,1.46
2014-09-11,1.47,1.55,1.47,1.53,1039480,1.53
2014-09-15,1.55,1.74,1.55,1.68,1359705,1.68
2014-09-16,1.68,1.82,1.63,1.66,1600150,1.66
2014-09-18,1.7,1.72,1.66,1.68,720160,1.68
2014-09-22,1.65,1.71,1.63,1.65,544390,1.65
2014-09-24,1.63,1.66,1.6,1.61,669570,1.61
2014-09-25,1.6,1.62,1.55,1.57,482665,1.57
2014-09-30,1.54,1.63,1.54,1.56,406850,1.56
2014-10-07,1.56,1.56,1.56,1.56,0,1.56
2014-10-09,1.51,1.6,1.51,1.55,179200,1.55
2014-10-13,1.49,1.55,1.42,1.52,96915,1.52
2014-10-14,1.51,1.54,1.47,1.5,1331170,1.5
2014-10-16,1.49,1.52,1.46,1.48,337180,1.48
2014-10-21,1.46,1.49,1.46,1.47,125395,1.47
2014-10-22,1.47,1.49,1.45,1.46,122770,1.46
2014-10-27,1.46,1.46,1.46,1.46,0,1.46
2014-10-28,1.5,1.52,1.48,1.51,40370,1.51
2014-10-29,1.52,1.52,1.47,1.48,211410,1.48
2014-10-30,1.49,1.5,1.46,1.47,78320,1.47
2014-11-10,1.52,1.53,1.49,1.5,441050,1.5
2014-11-11,1.5,1.5,1.47,1.47,183675,1.47
2014-11-14,1.46,1.53,1.44,1.46,417915,1.46
2014-11-18,1.47,1.49,1.42,1.46,218160,1.46
2014-11-20,1.44,1.44,1.41,1.42,683695,1.42
2014-11-21,1.41,1.44,1.39,1.41,620930,1.41
2014-11-24,1.42,1.43,1.34,1.37,1019720,1.37
2014-11-25,1.39,1.39,1.26,1.3,506340,1.3
2014-11-26,1.36,1.38,1.3,1.3,333880,1.3
2014-11-27,1.32,1.33,1.26,1.3,209920,1.3
2014-12-01,1.28,1.31,1.23,1.25,392375,1.25
2014-12-04,1.27,1.35,1.27,1.33,305830,1.33
2014-12-08,1.33,1.33,1.33,1.33,0,1.33
2014-12-09,1.3,1.34,1.3,1.32,111225,1.32
2014-12-10,1.31,1.35,1.3,1.32,113340,1.32
2014-12-11,1.3,1.31,1.22,1.27,196025,1.27
2014-12-15,1.25,1.28,1.2,1.21,468415,1.21
2014-12-17,1.2,1.22,1.17,1.18,222380,1.18
2014-12-19,1.19,1.24,1.19,1.21,148775,1.21
2014-12-31,1.27,1.31,1.26,1.28,91845,1.28
2015-01-08,1.24,1.26,1.2,1.23,750410,1.23
2015-01-09,1.25,1.25,1.22,1.23,471845,1.23
2015-01-12,1.22,1.28,1.22,1.25,275495,1.25
2015-01-14,1.25,1.27,1.23,1.25,98390,1.25
2015-01-15,1.24,1.26,1.22,1.24,937180,1.24
2015-01-19,1.24,1.26,1.22,1.25,209750,1.25
2015-01-21,1.25,1.27,1.23,1.23,279215,1.23
2015-01-22,1.23,1.24,1.22,1.22,428025,1.22
2015-01-27,1.2,1.2,1.2,1.2,0,1.2
2015-01-29,1.2,1.22,1.16,1.2,198190,1.2
2015-01-30,1.21,1.21,1.19,1.2,321390,1.2
2015-02-03,1.25,1.25,1.22,1.22,423000,1.22
2015-02-11,1.18,1.26,1.18,1.21,218045,1.21
2015-02-18,1.21,1.21,1.21,1.21,0,1.21
2015-02-20,1.23,1.23,1.18,1.2,196370,1.2
2015-02-23,1.2,1.22,1.19,1.19,122395,1.19
2015-02-25,1.18,1.2,1.17,1.18,168145,1.18
2015-02-26,1.18,1.2,1.09,1.1,2351435,1.1
2015-03-02,1.1,1.1,1.05,1.06,1034925,1.06
2015-03-03,1.09,1.09,1.04,1.05,635270,1.05
2015-03-04,1.05,1.08,1.04,1.05,921175,1.05
2015-03-05,1.07,1.07,1,1.05,355905,1.05
2015-03-09,1.05,1.1,1.03,1.08,187110,1.08
2015-03-12,1.04,1.1,1.01,1.02,764775,1.02
2015-03-16,1.04,1.04,1,1.01,1860180,1.01
2015-03-19,1.02,1.02,0.97,0.97,315785,0.97
2015-03-25,0.9,0.9,0.85,0.85,187235,0.85
2015-03-26,0.94,0.94,0.85,0.86,297685,0.86
2015-03-27,0.88,0.88,0.84,0.86,294795,0.86
2015-03-30,0.87,0.95,0.87,0.93,95760,0.93
2015-03-31,0.93,0.97,0.86,0.9,458230,0.9
2015-04-01,0.9,0.98,0.88,0.96,530270,0.96
2015-04-06,0.96,0.96,0.96,0.96,0,0.96
2015-04-08,0.9,0.92,0.82,0.84,2317035,0.84
2015-04-13,0.89,0.98,0.89,0.91,487130,0.91
2015-04-16,0.95,0.99,0.9,0.91,603595,0.91
2015-04-20,0.88,0.91,0.86,0.86,255720,0.86
2015-04-29,0.86,0.89,0.86,0.88,109140,0.88
2015-05-04,0.86,0.89,0.85,0.87,145160,0.87
2015-05-06,0.92,0.93,0.85,0.86,201125,0.86
2015-05-07,0.88,0.88,0.85,0.85,179195,0.85
2015-05-08,0.85,0.89,0.84,0.86,174515,0.86
2015-05-14,0.85,0.89,0.85,0.86,71550,0.86
2015-05-15,0.89,0.89,0.86,0.87,191170,0.87
2015-05-20,0.87,0.88,0.86,0.88,361490,0.88
2015-05-21,0.86,0.89,0.86,0.87,111875,0.87
2015-06-04,0.86,0.89,0.85,0.85,703450,0.85
2015-06-12,0.81,0.84,0.78,0.79,446780,0.79
2015-06-17,0.73,0.82,0.73,0.8,476850,0.8
2015-06-18,0.83,0.83,0.8,0.82,81605,0.82
2015-06-19,0.82,0.88,0.81,0.82,340720,0.82
2015-06-22,0.82,0.86,0.8,0.83,344420,0.83
2015-06-26,0.8,0.84,0.8,0.81,358150,0.81
2015-06-29,0.8,0.83,0.78,0.8,139395,0.8
2015-07-06,0.82,0.84,0.78,0.81,83665,0.81
2015-07-07,0.8,0.83,0.78,0.81,121830,0.81
2015-07-09,0.8,0.82,0.78,0.8,80725,0.8
2015-07-13,0.79,0.83,0.79,0.8,88800,0.8
2015-07-15,0.83,0.87,0.82,0.85,348745,0.85
2015-07-17,0.84,0.85,0.81,0.83,109615,0.83
2015-07-21,0.82,0.83,0.79,0.8,341280,0.8
2015-07-24,0.82,0.84,0.76,0.8,205595,0.8
2015-07-27,0.78,0.82,0.77,0.79,198835,0.79
2015-07-30,0.8,0.82,0.8,0.82,289180,0.82
2015-07-31,0.82,0.83,0.79,0.8,568460,0.8
2015-08-03,0.8,0.83,0.78,0.8,378195,0.8
2015-08-05,0.8,0.94,0.8,0.94,848205,0.94
2015-08-07,0.89,0.89,0.85,0.87,190385,0.87
2015-08-10,0.86,0.88,0.83,0.86,123855,0.86
2015-08-11,0.84,0.89,0.81,0.84,216705,0.84
2015-08-12,0.86,0.88,0.82,0.85,279100,0.85
2015-08-20,0.82,0.83,0.81,0.81,33560,0.81
2015-08-21,0.8,0.82,0.8,0.8,28705,0.8
2015-08-25,0.8,0.8,0.65,0.7,655385,0.7
2015-08-26,0.74,0.74,0.69,0.7,188055,0.7
2015-08-28,0.72,0.73,0.7,0.72,148305,0.72
2015-09-01,0.78,0.78,0.75,0.76,159575,0.76
2015-09-03,0.75,0.75,0.72,0.73,565940,0.73
2015-09-07,0.7,0.73,0.68,0.7,204720,0.7
2015-09-09,0.71,0.76,0.71,0.72,116375,0.72
2015-09-11,0.74,0.74,0.72,0.72,29705,0.72
2015-09-18,0.74,0.78,0.73,0.73,185015,0.73
2015-09-28,0.74,0.75,0.72,0.72,55685,0.72
2015-09-30,0.75,0.79,0.74,0.78,130225,0.78
2015-10-01,0.76,0.82,0.76,0.8,212465,0.8
2015-10-05,0.8,0.8,0.8,0.8,0,0.8
2015-10-06,0.81,0.84,0.8,0.82,165260,0.82
2015-10-07,0.83,0.84,0.77,0.8,352030,0.8
2015-10-08,0.88,0.88,0.78,0.78,342830,0.78
2015-10-09,0.8,0.82,0.79,0.79,163490,0.79
2015-10-13,0.8,0.81,0.79,0.81,84210,0.81
2015-10-14,0.79,0.8,0.78,0.78,296460,0.78
2015-10-16,0.77,0.78,0.75,0.78,107475,0.78
2015-10-21,0.78,0.8,0.77,0.77,60800,0.77
2015-10-23,0.76,0.79,0.74,0.76,238685,0.76
2015-10-28,0.76,0.76,0.72,0.74,83590,0.74
2015-10-30,0.77,0.79,0.74,0.75,147315,0.75
2015-11-03,0.76,0.76,0.7,0.72,266025,0.72
2015-11-05,0.7,0.71,0.69,0.7,314335,0.7
2015-11-06,0.68,0.71,0.68,0.69,82660,0.69
2015-11-09,0.68,0.73,0.66,0.73,94315,0.73
2015-11-13,0.72,0.74,0.66,0.69,452755,0.69
2015-11-17,0.7,0.7,0.67,0.68,154815,0.68
2015-11-18,0.67,0.7,0.67,0.68,139610,0.68
2015-11-24,0.65,0.68,0.65,0.66,329715,0.66
2015-11-27,0.68,0.73,0.66,0.7,852870,0.7
2015-12-03,0.8,0.82,0.8,0.81,202760,0.81
2015-12-04,0.8,0.84,0.8,0.81,807135,0.81
2015-12-07,0.8,0.84,0.76,0.78,534195,0.78
2015-12-08,0.78,0.8,0.75,0.77,253495,0.77
2015-12-11,0.76,0.78,0.75,0.76,246705,0.76
2015-12-17,0.77,0.77,0.73,0.75,233975,0.75
2015-12-18,0.76,0.76,0.72,0.74,232100,0.74
2015-12-21,0.72,0.76,0.72,0.75,459595,0.75
2015-12-23,0.8,0.82,0.79,0.79,863740,0.79
2015-12-28,0.78,0.8,0.77,0.77,47085,0.77
2015-12-29,0.77,0.79,0.72,0.74,1011240,0.74
2015-12-30,0.74,0.76,0.73,0.74,193105,0.74
2016-01-01,0.72,0.75,0.72,0.73,400600,0.73
2016-01-06,0.89,0.92,0.84,0.85,1613080,0.85
2016-01-11,0.79,0.81,0.77,0.79,488705,0.79
2016-01-12,0.81,0.84,0.78,0.78,655445,0.78
2016-01-15,0.73,0.73,0.67,0.68,873010,0.68
2016-01-19,0.7,0.71,0.68,0.69,490930,0.69
2016-01-21,0.69,0.7,0.67,0.68,135580,0.68
2016-02-01,0.66,0.68,0.65,0.66,643980,0.66
2016-02-02,0.68,0.68,0.66,0.66,241935,0.66
2016-02-03,0.66,0.66,0.64,0.65,326165,0.65
2016-02-05,0.65,0.65,0.63,0.64,250840,0.64
2016-02-08,0.66,0.68,0.65,0.65,364090,0.65
2016-02-10,0.64,0.65,0.54,0.61,1165645,0.61
2016-02-11,0.61,0.65,0.59,0.61,278415,0.61
2016-02-15,0.62,0.65,0.6,0.63,298485,0.63
2016-02-16,0.65,0.65,0.62,0.62,107720,0.62
2016-02-18,0.62,0.67,0.62,0.65,416505,0.65
2016-02-22,0.64,0.74,0.64,0.7,696780,0.7
2016-02-23,0.7,0.71,0.67,0.67,87165,0.67
2016-02-25,0.66,0.72,0.66,0.67,134195,0.67
2016-02-29,0.67,0.71,0.67,0.68,69590,0.68
2016-03-01,0.67,0.7,0.67,0.69,96380,0.69
2016-03-09,0.65,0.67,0.65,0.66,27635,0.66
2016-03-16,0.66,0.68,0.65,0.67,140240,0.67
2016-03-17,0.68,0.7,0.68,0.68,171740,0.68
2016-03-18,0.7,0.7,0.67,0.7,629530,0.7
2016-03-21,0.68,0.77,0.68,0.75,1654090,0.75
2016-03-28,0.76,0.76,0.76,0.76,0,0.76
2016-03-30,0.76,0.76,0.76,0.76,0,0.76
2016-03-31,0.76,0.76,0.76,0.76,0,0.76
2016-04-05,0.76,0.76,0.76,0.76,0,0.76
2016-04-06,0.76,0.76,0.76,0.76,0,0.76
2016-04-07,0.76,0.76,0.76,0.76,0,0.76
2016-04-11,0.76,0.76,0.76,0.76,0,0.76
2016-04-12,0.76,0.76,0.76,0.76,0,0.76
2016-04-13,0.76,0.76,0.76,0.76,0,0.76
2016-04-18,0.76,0.76,0.76,0.76,0,0.76
2016-04-21,0.76,0.76,0.76,0.76,0,0.76
2016-05-09,0.76,0.76,0.76,0.76,0,0.76
2016-05-10,0.76,0.76,0.76,0.76,0,0.76
2016-05-12,0.76,0.76,0.76,0.76,0,0.76
2016-05-18,0.76,0.76,0.76,0.76,0,0.76
2016-05-26,0.76,0.76,0.76,0.76,0,0.76
2016-05-27,0.76,0.76,0.76,0.76,0,0.76
2016-05-30,0.76,0.76,0.76,0.76,0,0.76
2016-05-31,0.76,0.76,0.76,0.76,0,0.76
2016-06-01,0.76,0.76,0.76,0.76,0,0.76
2016-06-02,0.76,0.76,0.76,0.76,0,0.76
2016-06-03,0.76,0.76,0.76,0.76,0,0.76
2016-06-06,0.76,0.76,0.76,0.76,0,0.76
2016-06-07,0.76,0.76,0.76,0.76,0,0.76
2016-06-08,0.76,0.76,0.76,0.76,0,0.76
2016-06-09,0.76,0.76,0.76,0.76,0,0.76
2016-06-10,0.76,0.76,0.76,0.76,0,0.76
2016-06-13,0.76,0.76,0.76,0.76,0,0.76
2016-06-14,0.76,0.76,0.76,0.76,0,0.76
2016-06-15,0.76,0.76,0.76,0.76,0,0.76
2016-06-16,0.76,0.76,0.76,0.76,0,0.76
2016-06-17,0.76,0.76,0.76,0.76,0,0.76
2016-06-20,0.76,0.76,0.76,0.76,0,0.76
2016-06-21,0.76,0.76,0.76,0.76,0,0.76
2016-06-22,0.76,0.76,0.76,0.76,0,0.76
2016-06-23,0.76,0.76,0.76,0.76,0,0.76
2016-06-24,1.65,1.65,1.65,1.65,21545,1.65
2016-06-27,1.6,1.6,1.6,1.6,3525,1.6
2016-06-28,1.55,1.55,1.55,1.55,32253,1.55
2016-06-29,1.5,1.5,1.5,1.5,12578,1.5
2016-06-30,1.45,1.45,1.45,1.45,18157,1.45
2016-07-01,1.4,1.4,1.4,1.4,18358,1.4
2016-07-04,1.35,1.35,1.35,1.35,11058,1.35
2016-07-05,1.3,1.3,1.3,1.3,23085,1.3
2016-07-07,1.3,1.3,1.25,1.25,31068,1.25
2016-07-08,1.2,1.2,1.2,1.2,214589,1.2
2016-07-11,1.1,1.1,1.1,1.1,92879,1.1
2016-07-12,1,1,1,1,34961,1
2016-07-13,0.9,0.9,0.9,0.9,141899,0.9
2016-07-14,0.85,0.85,0.85,0.85,89030,0.85
2016-07-15,0.8,0.8,0.8,0.8,60880,0.8
2016-07-18,0.75,0.75,0.75,0.75,75911,0.75
2016-07-19,0.7,0.7,0.7,0.7,208380,0.7
2016-07-20,0.65,0.65,0.65,0.65,211519,0.65
2016-07-21,0.6,0.6,0.6,0.6,257142,0.6
2016-07-22,0.55,0.55,0.55,0.55,228569,0.55
2016-07-25,0.5,0.55,0.5,0.5,11977376,0.5
2016-07-26,0.45,0.45,0.45,0.45,705080,0.45
2016-07-27,0.4,0.4,0.4,0.4,574174,0.4
2016-07-28,0.35,0.4,0.35,0.35,11899639,0.35
2016-07-29,0.3,0.4,0.3,0.3,43827833,0.3
2016-08-01,0.25,0.3,0.25,0.25,42509051,0.25
2016-08-02,0.25,0.3,0.25,0.3,32547616,0.3
2016-08-03,0.35,0.35,0.3,0.35,10709719,0.35
2016-08-04,0.4,0.4,0.35,0.4,13104458,0.4
2016-08-05,0.4,0.45,0.4,0.45,5229538,0.45
2016-08-08,0.5,0.5,0.4,0.45,14188635,0.45
2016-08-09,0.45,0.45,0.4,0.4,7563551,0.4
2016-08-10,0.35,0.45,0.35,0.4,12630213,0.4
2016-08-11,0.4,0.4,0.35,0.4,782849,0.4
2016-08-12,0.35,0.45,0.35,0.45,3037554,0.45
2016-08-16,0.45,0.45,0.4,0.4,1703784,0.4
2016-08-17,0.4,0.45,0.35,0.4,2166161,0.4
2016-08-18,0.4,0.45,0.4,0.4,1327597,0.4
2016-08-19,0.45,0.45,0.4,0.45,2501141,0.45
2016-08-22,0.45,0.5,0.4,0.45,5054665,0.45
2016-08-23,0.45,0.5,0.45,0.5,4894387,0.5
2016-08-24,0.5,0.55,0.5,0.55,4681013,0.55
2016-08-25,0.55,0.6,0.5,0.6,2228300,0.6
2016-08-26,0.6,0.65,0.55,0.6,4896431,0.6
2016-08-29,0.6,0.65,0.55,0.65,5166785,0.65
2016-08-30,0.65,0.7,0.6,0.65,5948801,0.65
2016-08-31,0.65,0.65,0.6,0.6,4909746,0.6
2016-09-01,0.55,0.6,0.55,0.55,874397,0.55
2016-09-02,0.55,0.55,0.5,0.5,574726,0.5
2016-09-06,0.5,0.55,0.45,0.5,606754,0.5
2016-09-07,0.5,0.55,0.45,0.5,239187,0.5
2016-09-08,0.45,0.55,0.45,0.5,667502,0.5
2016-09-09,0.45,0.5,0.45,0.5,70576,0.5
2016-09-12,0.45,0.5,0.45,0.5,201643,0.5
2016-09-14,0.5,0.5,0.45,0.5,666624,0.5
2016-09-15,0.45,0.5,0.45,0.45,387781,0.45
2016-09-16,0.4,0.45,0.4,0.4,115584,0.4
2016-09-19,0.4,0.45,0.4,0.4,41667,0.4
2016-09-20,0.45,0.45,0.4,0.45,83320,0.45
2016-09-21,0.45,0.5,0.4,0.5,244674,0.5
2016-09-22,0.45,0.5,0.45,0.45,167211,0.45
2016-09-23,0.5,0.5,0.45,0.5,176727,0.5
2016-09-26,0.5,0.5,0.45,0.5,139545,0.5
2016-09-27,0.45,0.5,0.45,0.45,214623,0.45
2016-09-28,0.4,0.5,0.4,0.45,171197,0.45
2016-09-29,0.5,0.5,0.4,0.45,316037,0.45
2016-09-30,0.45,0.5,0.4,0.45,248941,0.45
2016-10-03,0.5,0.5,0.4,0.5,80783,0.5
2016-10-04,0.45,0.5,0.45,0.45,132497,0.45
2016-10-05,0.5,0.5,0.45,0.5,149829,0.5
2016-10-06,0.45,0.55,0.45,0.5,335020,0.5
2016-10-07,0.5,0.55,0.5,0.55,817693,0.55
2016-10-10,0.5,0.6,0.5,0.55,299529,0.55
2016-10-13,0.55,0.6,0.5,0.6,421890,0.6
2016-10-14,0.6,0.6,0.55,0.55,534693,0.55
2016-10-17,0.5,0.55,0.5,0.55,718963,0.55
2016-10-18,0.55,0.55,0.5,0.5,199411,0.5
2016-10-19,0.55,0.55,0.45,0.5,306363,0.5
2016-10-20,0.45,0.55,0.45,0.5,171537,0.5
2016-10-21,0.45,0.5,0.45,0.5,152534,0.5
2016-10-24,0.5,0.5,0.45,0.45,247773,0.45
2016-10-25,0.45,0.5,0.45,0.45,204775,0.45
2016-10-26,0.5,0.5,0.45,0.5,252796,0.5
2016-10-27,0.5,0.5,0.45,0.5,156206,0.5
2016-10-28,0.5,0.5,0.45,0.45,75648,0.45
2016-11-01,0.45,0.5,0.45,0.5,304212,0.5
2016-11-02,0.5,0.5,0.45,0.5,341618,0.5
2016-11-03,0.5,0.5,0.45,0.45,376191,0.45
2016-11-04,0.5,0.5,0.45,0.45,516881,0.45
2016-11-07,0.45,0.5,0.45,0.45,438990,0.45
2016-11-08,0.5,0.5,0.45,0.45,34249,0.45
2016-11-09,0.45,0.5,0.4,0.45,284647,0.45
2016-11-10,0.5,0.5,0.45,0.5,1039386,0.5
2016-11-11,0.5,0.55,0.5,0.55,854893,0.55
2016-11-15,0.55,0.6,0.5,0.5,635372,0.5
2016-11-16,0.5,0.5,0.45,0.45,181726,0.45
2016-11-17,0.45,0.5,0.45,0.5,61417,0.5
2016-11-18,0.45,0.5,0.45,0.45,304985,0.45
2016-11-21,0.45,0.5,0.4,0.45,1174187,0.45
2016-11-22,0.4,0.45,0.4,0.45,3462445,0.45
2016-11-23,0.45,0.45,0.4,0.45,371230,0.45
2016-11-24,0.4,0.45,0.4,0.45,29108,0.45
2016-11-25,0.45,0.45,0.4,0.4,350724,0.4
2016-11-28,0.4,0.45,0.4,0.4,123957,0.4
2016-11-29,0.4,0.45,0.4,0.45,133797,0.45
2016-11-30,0.45,0.5,0.4,0.5,353402,0.5
2016-12-01,0.5,0.5,0.45,0.5,488252,0.5
2016-12-02,0.5,0.55,0.45,0.5,474628,0.5
2016-12-05,0.5,0.55,0.45,0.5,206605,0.5
2016-12-06,0.55,0.55,0.45,0.5,277245,0.5
2016-12-07,0.45,0.5,0.45,0.5,272179,0.5
2016-12-08,0.5,0.5,0.45,0.5,264506,0.5
2016-12-09,0.5,0.5,0.45,0.5,180915,0.5
2016-12-12,0.45,0.5,0.45,0.5,47679,0.5
2016-12-13,0.45,0.5,0.45,0.45,156927,0.45
2016-12-14,0.5,0.5,0.45,0.45,61587,0.45
2016-12-15,0.45,0.5,0.45,0.45,118576,0.45
2016-12-16,0.45,0.5,0.45,0.45,81932,0.45
2016-12-19,0.45,0.5,0.45,0.45,231761,0.45
2016-12-20,0.5,0.5,0.45,0.45,27002,0.45
2016-12-21,0.45,0.5,0.4,0.5,288582,0.5
2016-12-22,0.4,0.5,0.4,0.45,362141,0.45
2016-12-23,0.5,0.5,0.4,0.45,76403,0.45
2016-12-26,0.4,0.45,0.4,0.45,84922,0.45
2016-12-27,0.4,0.45,0.4,0.4,430691,0.4
2016-12-28,0.45,0.45,0.4,0.45,120689,0.45
2016-12-29,0.45,0.45,0.4,0.45,139526,0.45
2016-12-30,0.45,0.45,0.4,0.45,158611,0.45
2017-01-02,0.45,0.45,0.4,0.4,3328523,0.4
2017-01-03,0.35,0.4,0.35,0.35,4281832,0.35
2017-01-04,0.35,0.35,0.3,0.35,1563359,0.35
2017-01-05,0.35,0.35,0.3,0.35,1245184,0.35
2017-01-06,0.35,0.35,0.3,0.35,3623635,0.35
2017-01-09,0.35,0.35,0.3,0.35,1935188,0.35
2017-01-10,0.35,0.35,0.3,0.35,1491112,0.35
2017-01-11,0.35,0.4,0.3,0.4,12494996,0.4
2017-01-12,0.45,0.45,0.4,0.45,2108199,0.45
2017-01-13,0.5,0.5,0.4,0.45,1377899,0.45
2017-01-16,0.45,0.5,0.4,0.45,1940546,0.45
2017-01-17,0.45,0.5,0.45,0.45,632064,0.45
2017-01-18,0.45,0.5,0.45,0.5,495163,0.5
2017-01-19,0.5,0.5,0.4,0.5,324351,0.5
2017-01-20,0.45,0.5,0.45,0.5,843034,0.5
2017-01-23,0.45,0.5,0.45,0.5,673675,0.5
2017-01-24,0.45,0.5,0.4,0.45,2487477,0.45
2017-01-25,0.45,0.5,0.45,0.45,558205,0.45
2017-01-27,0.45,0.5,0.45,0.5,512827,0.5
2017-01-30,0.45,0.5,0.4,0.4,1000923,0.4
2017-01-31,0.45,0.45,0.4,0.45,164365,0.45
2017-02-01,0.4,0.45,0.4,0.4,49245,0.4
2017-02-02,0.4,0.45,0.4,0.45,557625,0.45
2017-02-03,0.4,0.45,0.4,0.45,187300,0.45
2017-02-06,0.4,0.45,0.4,0.45,213617,0.45
2017-02-07,0.45,0.45,0.4,0.4,155304,0.4
2017-02-08,0.45,0.45,0.4,0.45,401714,0.45
2017-02-09,0.4,0.5,0.4,0.5,4862957,0.5
2017-02-10,0.55,0.6,0.5,0.6,4858763,0.6
2017-02-13,0.65,0.7,0.55,0.7,5812357,0.7
2017-02-14,0.75,0.75,0.7,0.75,3083032,0.75
2017-02-15,0.8,0.8,0.75,0.8,2694005,0.8
2017-02-16,0.85,0.85,0.75,0.85,1031176,0.85
2017-02-17,0.9,0.9,0.8,0.8,584844,0.8
2017-02-20,0.75,0.85,0.75,0.75,1574272,0.75
2017-02-21,0.7,0.8,0.7,0.7,568484,0.7
2017-02-22,0.65,0.7,0.65,0.65,943638,0.65
2017-02-23,0.65,0.7,0.6,0.65,816725,0.65
2017-02-27,0.65,0.7,0.6,0.65,203483,0.65
2017-02-28,0.6,0.7,0.6,0.7,577665,0.7
2017-03-01,0.75,0.75,0.65,0.75,3958471,0.75
2017-03-02,0.75,0.8,0.7,0.7,5843294,0.7
2017-03-03,0.75,0.75,0.65,0.7,1474038,0.7
2017-03-06,0.75,0.75,0.65,0.65,3139573,0.65
2017-03-07,0.7,0.7,0.6,0.6,2728725,0.6
2017-03-08,0.65,0.65,0.55,0.55,4994720,0.55
2017-03-09,0.55,0.6,0.5,0.55,4312847,0.55
2017-03-10,0.55,0.6,0.5,0.55,9840580,0.55
2017-03-14,0.55,0.6,0.5,0.5,22501719,0.5
2017-03-15,0.55,0.55,0.45,0.45,13208784,0.45
2017-03-16,0.45,0.5,0.4,0.45,9854853,0.45
2017-03-17,0.45,0.5,0.4,0.45,24528650,0.45
2017-03-20,0.45,0.45,0.4,0.45,5697302,0.45
2017-03-21,0.45,0.5,0.4,0.5,5388577,0.5
2017-03-22,0.5,0.55,0.5,0.55,1447692,0.55
2017-03-23,0.55,0.6,0.55,0.6,9142136,0.6
2017-03-24,0.65,0.65,0.6,0.65,7998175,0.65
2017-03-27,0.7,0.7,0.7,0.7,2632449,0.7
2017-03-28,0.75,0.75,0.7,0.75,11430226,0.75
2017-03-29,0.8,0.8,0.7,0.7,33795352,0.7
2017-03-30,0.75,0.75,0.65,0.7,2266602,0.7
2017-03-31,0.7,0.75,0.65,0.7,2753617,0.7
2017-04-03,0.75,0.75,0.65,0.65,8537908,0.65
2017-04-05,0.65,0.65,0.6,0.6,1819068,0.6
2017-04-06,0.55,0.55,0.55,0.55,12636803,0.55
2017-04-07,0.55,0.55,0.5,0.55,15824067,0.55
2017-04-10,0.5,0.6,0.5,0.55,2006622,0.55
2017-04-11,0.6,0.6,0.55,0.6,2962347,0.6
2017-04-12,0.6,0.65,0.55,0.6,3220757,0.6
2017-04-13,0.6,0.65,0.55,0.65,4093836,0.65
2017-04-17,0.65,0.7,0.6,0.65,5580302,0.65
2017-04-18,0.65,0.65,0.6,0.6,7161314,0.6
2017-04-19,0.55,0.6,0.55,0.55,2939481,0.55
2017-04-20,0.55,0.6,0.55,0.6,3901773,0.6
2017-04-21,0.6,0.65,0.55,0.55,591733,0.55
2017-04-24,0.6,0.6,0.55,0.6,1479388,0.6
2017-04-25,0.55,0.65,0.55,0.55,1211031,0.55
2017-04-26,0.6,0.6,0.55,0.55,2397719,0.55
2017-04-27,0.55,0.6,0.55,0.6,313283,0.6
2017-04-28,0.55,0.6,0.55,0.6,703737,0.6
2017-05-02,0.6,0.6,0.55,0.55,900445,0.55
2017-05-03,0.6,0.6,0.55,0.55,161965,0.55
2017-05-04,0.6,0.6,0.55,0.6,2022149,0.6
2017-05-05,0.6,0.65,0.6,0.65,976305,0.65
2017-05-08,0.65,0.7,0.6,0.65,1513657,0.65
2017-05-09,0.65,0.7,0.6,0.65,693191,0.65
2017-05-10,0.6,0.65,0.6,0.6,834296,0.6
2017-05-11,0.65,0.65,0.6,0.6,1057977,0.6
2017-05-12,0.6,0.65,0.6,0.6,403901,0.6
2017-05-15,0.6,0.65,0.55,0.6,1208284,0.6
2017-05-16,0.6,0.6,0.55,0.6,494768,0.6
2017-05-17,0.55,0.6,0.55,0.6,467315,0.6
2017-05-18,0.6,0.6,0.55,0.55,753152,0.55
2017-05-19,0.55,0.6,0.5,0.55,2097263,0.55
2017-05-22,0.55,0.6,0.55,0.6,773000,0.6
2017-05-23,0.55,0.6,0.55,0.55,425503,0.55
2017-05-24,0.55,0.6,0.5,0.5,547592,0.5
2017-05-25,0.55,0.55,0.5,0.55,590734,0.55
2017-05-26,0.55,0.6,0.5,0.55,365313,0.55
2017-05-29,0.6,0.6,0.5,0.5,856299,0.5
2017-05-30,0.5,0.55,0.5,0.55,2018398,0.55
2017-05-31,0.6,0.6,0.55,0.6,512466,0.6
2017-06-01,0.6,0.6,0.55,0.55,315781,0.55
2017-06-02,0.55,0.6,0.55,0.6,457584,0.6
2017-06-05,0.6,0.6,0.55,0.55,2212785,0.55
2017-06-06,0.6,0.6,0.5,0.55,801952,0.55
2017-06-07,0.55,0.6,0.5,0.55,1535755,0.55
2017-06-08,0.5,0.6,0.5,0.5,225301,0.5
2017-06-09,0.5,0.55,0.5,0.55,426655,0.55
2017-06-12,0.55,0.6,0.5,0.55,3300547,0.55
2017-06-13,0.5,0.55,0.5,0.5,176646,0.5
2017-06-14,0.5,0.55,0.5,0.55,759444,0.55
2017-06-15,0.55,0.55,0.5,0.55,214503,0.55
2017-06-16,0.55,0.55,0.5,0.5,183753,0.5
2017-06-19,0.55,0.55,0.5,0.5,485662,0.5
2017-06-20,0.5,0.55,0.45,0.5,2754508,0.5
2017-06-21,0.5,0.5,0.45,0.5,446170,0.5
2017-06-22,0.5,0.5,0.45,0.5,1173076,0.5
2017-06-23,0.45,0.5,0.45,0.5,504114,0.5
2017-06-27,0.5,0.55,0.45,0.5,2423502,0.5
2017-06-28,0.5,0.55,0.5,0.5,37482,0.5
2017-06-29,0.55,0.55,0.45,0.5,1500810,0.5
2017-06-30,0.45,0.55,0.45,0.55,149054,0.55
2017-07-03,0.5,0.55,0.5,0.55,1498778,0.55
2017-07-04,0.55,0.55,0.5,0.5,589741,0.5
2017-07-05,0.5,0.55,0.5,0.55,197755,0.55
2017-07-06,0.5,0.55,0.5,0.5,840438,0.5
2017-07-07,0.5,0.55,0.5,0.5,163039,0.5
2017-07-10,0.55,0.55,0.5,0.5,35270,0.5
2017-07-11,0.55,0.55,0.5,0.5,211123,0.5
2017-07-12,0.5,0.55,0.45,0.5,683592,0.5
2017-07-13,0.5,0.55,0.5,0.5,249201,0.5
2017-07-14,0.5,0.55,0.5,0.5,1085510,0.5
2017-07-17,0.5,0.55,0.5,0.5,1045596,0.5
2017-07-18,0.5,0.55,0.5,0.5,244705,0.5
2017-07-19,0.5,0.55,0.45,0.45,1042688,0.45
2017-07-20,0.45,0.5,0.45,0.5,341375,0.5
2017-07-21,0.45,0.5,0.45,0.5,371866,0.5
2017-07-24,0.45,0.5,0.45,0.5,635972,0.5
2017-07-25,0.45,0.5,0.45,0.5,497855,0.5
2017-07-26,0.5,0.5,0.45,0.5,576319,0.5
2017-07-27,0.45,0.5,0.45,0.45,500163,0.45
2017-07-28,0.45,0.5,0.45,0.5,284601,0.5
2017-07-31,0.5,0.5,0.45,0.45,226167,0.45
2017-08-01,0.45,0.5,0.45,0.45,141089,0.45
2017-08-02,0.45,0.5,0.4,0.45,5012885,0.45
2017-08-03,0.45,0.5,0.4,0.45,1771347,0.45
2017-08-04,0.45,0.45,0.4,0.45,507312,0.45
2017-08-07,0.4,0.5,0.4,0.45,324313,0.45
2017-08-08,0.5,0.5,0.4,0.45,604419,0.45
2017-08-09,0.4,0.45,0.4,0.4,2644774,0.4
2017-08-10,0.4,0.45,0.4,0.45,2033390,0.45
2017-08-11,0.45,0.45,0.4,0.4,2256380,0.4
2017-08-14,0.45,0.45,0.4,0.45,426371,0.45
2017-08-16,0.45,0.45,0.4,0.45,127057,0.45
2017-08-17,0.45,0.45,0.4,0.4,604633,0.4
2017-08-18,0.4,0.45,0.4,0.4,279477,0.4
2017-08-21,0.4,0.45,0.4,0.4,378434,0.4
2017-08-22,0.4,0.45,0.4,0.45,1463065,0.45
2017-08-23,0.45,0.5,0.45,0.5,1231699,0.5
2017-08-24,0.45,0.6,0.45,0.6,10445798,0.6
2017-08-28,0.6,0.65,0.55,0.6,4848509,0.6
2017-08-29,0.6,0.6,0.55,0.55,1361550,0.55
2017-08-30,0.5,0.55,0.5,0.55,598440,0.55
2017-08-31,0.55,0.55,0.5,0.5,418175,0.5
2017-09-01,0.55,0.55,0.5,0.55,1043078,0.55
2017-09-04,0.6,0.6,0.55,0.55,402647,0.55
2017-09-05,0.55,0.6,0.5,0.55,1109029,0.55
2017-09-06,0.55,0.6,0.55,0.55,187314,0.55
2017-09-07,0.55,0.6,0.55,0.6,332113,0.6
2017-09-08,0.6,0.6,0.55,0.55,546067,0.55
2017-09-11,0.55,0.6,0.5,0.55,714128,0.55
2017-09-12,0.6,0.6,0.5,0.55,811111,0.55
2017-09-13,0.6,0.6,0.55,0.6,191919,0.6
2017-09-14,0.55,0.6,0.55,0.6,213924,0.6
2017-09-15,0.55,0.6,0.55,0.55,334047,0.55
2017-09-18,0.55,0.55,0.5,0.55,197077,0.55
2017-09-19,0.5,0.55,0.5,0.5,252222,0.5
2017-09-20,0.55,0.55,0.5,0.55,645716,0.55
2017-09-21,0.55,0.6,0.5,0.55,1628006,0.55
2017-09-22,0.6,0.6,0.5,0.5,1011838,0.5
2017-09-25,0.55,0.55,0.5,0.55,51383,0.55
2017-09-26,0.55,0.55,0.5,0.5,603347,0.5
2017-09-27,0.55,0.55,0.5,0.5,376194,0.5
2017-09-28,0.5,0.55,0.5,0.5,19361,0.5
2017-09-29,0.5,0.55,0.5,0.55,51898,0.55
2017-10-03,0.55,0.55,0.5,0.55,78176,0.55
2017-10-04,0.5,0.55,0.5,0.5,31081,0.5
2017-10-05,0.55,0.55,0.45,0.5,2948023,0.5
2017-10-06,0.5,0.5,0.45,0.5,206894,0.5
2017-10-09,0.45,0.5,0.45,0.5,81997,0.5
2017-10-10,0.5,0.5,0.45,0.45,71937,0.45
2017-10-11,0.45,0.5,0.45,0.5,102677,0.5
2017-10-12,0.5,0.5,0.45,0.5,301026,0.5
2017-10-13,0.55,0.55,0.45,0.5,406107,0.5
2017-10-16,0.5,0.5,0.45,0.45,45005,0.45
2017-10-17,0.45,0.5,0.45,0.5,75409,0.5
2017-10-18,0.5,0.55,0.45,0.5,278036,0.5
2017-10-19,0.5,0.55,0.5,0.55,53484,0.55
2017-10-23,0.55,0.55,0.5,0.5,329668,0.5
2017-10-24,0.55,0.55,0.5,0.55,248952,0.55
2017-10-25,0.55,0.55,0.5,0.5,423821,0.5
2017-10-26,0.55,0.55,0.45,0.5,968709,0.5
2017-10-27,0.5,0.5,0.45,0.5,98941,0.5
2017-10-30,0.45,0.5,0.45,0.45,1059668,0.45
2017-10-31,0.5,0.5,0.45,0.5,655845,0.5
2017-11-01,0.5,0.5,0.45,0.5,675194,0.5
2017-11-02,0.45,0.5,0.45,0.5,214333,0.5
2017-11-03,0.45,0.5,0.45,0.45,73092,0.45
2017-11-06,0.45,0.5,0.45,0.45,994189,0.45
2017-11-07,0.5,0.5,0.45,0.5,147961,0.5
2017-11-08,0.5,0.5,0.45,0.45,116388,0.45
2017-11-09,0.45,0.5,0.45,0.5,241595,0.5
2017-11-10,0.5,0.5,0.45,0.45,193808,0.45
2017-11-13,0.5,0.5,0.45,0.5,208244,0.5
2017-11-14,0.5,0.55,0.45,0.5,2601024,0.5
2017-11-15,0.5,0.55,0.45,0.5,1406909,0.5
2017-11-16,0.5,0.5,0.45,0.5,135098,0.5
2017-11-17,0.5,0.5,0.45,0.5,1213124,0.5
2017-11-20,0.45,0.5,0.45,0.5,252064,0.5
2017-11-21,0.5,0.5,0.45,0.5,7461610,0.5
2017-11-22,0.45,0.5,0.45,0.45,526991,0.45
2017-11-23,0.5,0.5,0.4,0.45,419855,0.45
2017-11-24,0.5,0.5,0.45,0.45,518397,0.45
2017-11-27,0.5,0.5,0.45,0.45,679743,0.45
2017-11-28,0.45,0.5,0.4,0.45,3262420,0.45
2017-11-29,0.45,0.45,0.4,0.45,355876,0.45
2017-11-30,0.45,0.45,0.4,0.45,861349,0.45
2017-12-01,0.45,0.45,0.4,0.4,752372,0.4
2017-12-04,0.45,0.45,0.4,0.45,536288,0.45
2017-12-05,0.45,0.45,0.4,0.45,1227009,0.45
2017-12-06,0.45,0.45,0.4,0.4,637949,0.4
2017-12-07,0.45,0.45,0.4,0.4,644295,0.4
2017-12-08,0.45,0.45,0.4,0.45,670294,0.45
2017-12-11,0.45,0.45,0.4,0.45,543544,0.45
2017-12-12,0.4,0.45,0.4,0.4,197110,0.4
2017-12-13,0.45,0.45,0.4,0.45,386686,0.45
2017-12-14,0.45,0.45,0.4,0.45,193164,0.45
2017-12-15,0.4,0.45,0.4,0.4,218645,0.4
2017-12-18,0.45,0.45,0.4,0.4,664029,0.4
2017-12-19,0.4,0.45,0.35,0.4,3441662,0.4
2017-12-20,0.45,0.45,0.35,0.4,3607313,0.4
2017-12-21,0.4,0.4,0.35,0.4,1180482,0.4
2017-12-22,0.4,0.4,0.35,0.4,588943,0.4
2017-12-26,0.4,0.4,0.35,0.4,8121990,0.4
2017-12-27,0.4,0.4,0.35,0.4,1023003,0.4
2017-12-28,0.4,0.45,0.35,0.4,9031500,0.4
2017-12-29,0.4,0.4,0.35,0.35,22057109,0.35
2018-01-01,0.4,0.4,0.3,0.4,26667566,0.4
2018-01-02,0.4,0.4,0.35,0.35,37355277,0.35
2018-01-03,0.35,0.35,0.3,0.35,12941090,0.35
2018-01-04,0.35,0.4,0.3,0.4,44444773,0.4
2018-01-05,0.4,0.45,0.35,0.4,18874051,0.4
2018-01-08,0.35,0.4,0.35,0.35,33680663,0.35
2018-01-09,0.35,0.35,0.3,0.35,7619960,0.35
2018-01-10,0.35,0.35,0.3,0.35,8725342,0.35
2018-01-11,0.35,0.4,0.3,0.4,33219430,0.4
2018-01-12,0.35,0.4,0.35,0.35,12705440,0.35
2018-01-15,0.35,0.4,0.3,0.35,43905297,0.35
2018-01-16,0.35,0.35,0.3,0.35,10210013,0.35
2018-01-17,0.35,0.35,0.3,0.35,8204236,0.35
2018-01-18,0.35,0.35,0.3,0.35,7453442,0.35
2018-01-19,0.35,0.35,0.3,0.35,3030085,0.35
2018-01-22,0.3,0.35,0.3,0.35,7295130,0.35
2018-01-23,0.35,0.35,0.3,0.35,3788837,0.35
2018-01-24,0.3,0.35,0.3,0.35,3108777,0.35
2018-01-25,0.35,0.35,0.3,0.3,2363424,0.3
2018-01-29,0.3,0.35,0.3,0.35,3220064,0.35
2018-01-30,0.3,0.35,0.3,0.3,2500693,0.3
2018-04-06,0.3,0.35,0.25,0.3,6127499,0.3
