,Date,RSI,MFI,EMA,SO,MACD,Diff,BLUECHIP.NS.Close
0,2015-02-09,50.318471337579616,84.95225233915308,0.6629627084231422,1.0,-0.6817638746929012,0.0,0.3
1,2015-02-10,49.99999999999999,84.8842091663706,0.6629627084231422,1.0,-0.6664359595895136,0.0,0.3
2,2015-02-16,54.54545454545454,4.885273770936706,0.6471502676947675,0.0,-0.5959846925142644,-0.04999999999999999,0.25
3,2015-02-18,54.54545454545454,4.878779447385185,0.6488031602567509,1.0,-0.5876471973498321,0.04999999999999999,0.3
4,2015-02-19,54.54545454545454,8.755605784847774,0.6343430861699991,0.5,-0.590745681616826,-0.04999999999999999,0.25
5,2015-02-20,56.25,11.078115378842796,0.6054775790729248,0.0,-0.5970429619784413,-0.04999999999999999,0.2
6,2015-02-23,55.49132947976878,11.078115378842796,0.5794161526707853,0.0,-0.6018048501003904,0.0,0.2
7,2015-02-24,54.70588235294118,13.744579457247667,0.5556489741099566,0.0,-0.6053089658665656,0.0,0.2
8,2015-02-25,54.302670623145396,11.040762076865533,0.5495713481476657,0.5,-0.5965624216788509,0.04999999999999999,0.25
9,2015-02-26,54.302670623145396,10.34294688736614,0.5591890891546267,1.0,-0.5912263985262853,0.04999999999999999,0.3
10,2015-02-27,54.302670623145396,17.639047028517325,0.5670581499785041,1.0,-0.5796115797587711,0.0,0.3
11,2015-03-02,53.65853658536585,22.00223808175508,0.5576840317423926,0.5,-0.5800776055074436,-0.04999999999999999,0.25
12,2015-03-03,53.20197044334975,23.24563331915482,0.5567358302775852,0.5,-0.5803137688770518,0.0,0.25
13,2015-03-04,52.7363184079602,23.876774551560757,0.5480164007802835,0.5,-0.5803668677254014,0.0,0.25
14,2015-03-05,52.26130653266331,24.21385808699327,0.5476038537381385,0.0,-0.5725040628073802,0.0,0.25
15,2015-03-09,52.26130653266331,24.57639609492638,0.5710223842763085,1.0,-0.5684960632800202,0.04999999999999999,0.3
16,2015-03-10,53.47432024169185,43.65126455536602,0.6084396342222642,1.0,-0.5535511840047993,0.04999999999999999,0.35
17,2015-03-11,53.89221556886227,42.90540425139453,0.6427200377984822,1.0,-0.5325654769345688,0.0,0.35
18,2015-03-12,52.17391304347826,38.045015765513355,0.650677861681353,0.5,-0.5171332052691542,-0.04999999999999999,0.3
19,2015-03-13,50.561797752808985,43.22823054069704,0.6346548361287706,0.0,-0.5060689189324412,-0.04999999999999999,0.25
20,2015-03-16,52.83018867924528,48.20286449876068,0.6045105505596531,0.0,-0.5061653777322058,-0.04999999999999999,0.2
21,2015-03-17,53.27102803738317,43.234001927291786,0.6011589198894034,0.3333333333333333,-0.5085295815373604,0.04999999999999999,0.25
22,2015-03-18,53.703703703703695,42.3797633982959,0.6142291173421192,0.6666666666666666,-0.5064121733596009,0.04999999999999999,0.3
23,2015-03-19,53.60824742268041,50.50242938486141,0.6103325711909603,0.3333333333333333,-0.5009692089204592,-0.04999999999999999,0.25
24,2015-03-20,54.33070866141731,39.722768728182196,0.5913320472480013,0.0,-0.4991368529176101,-0.04999999999999999,0.2
25,2015-03-23,53.648068669527895,42.37127992662639,0.5666204390617633,0.0,-0.4961076386520096,0.0,0.2
26,2015-03-24,53.14533622559654,38.5156238466908,0.5360140289242127,0.0,-0.49209791624624777,0.0,0.2
27,2015-03-25,52.631578947368425,37.1233116013449,0.5073061306457811,0.0,-0.49505995510285905,0.0,0.2
28,2015-03-26,52.10643015521064,35.8892939919165,0.488095188550906,0.0,-0.5122458459009345,0.0,0.2
29,2015-03-27,51.020408163265316,17.8896317867664,0.4778765799948435,0.0,-0.5213157893901215,0.0,0.2
30,2015-03-30,51.35135135135135,11.033756707192836,0.46042499117624713,0.0,-0.5331731306118084,-0.05000000000000002,0.15
31,2015-03-31,49.29577464788733,10.55808586041367,0.4527931342746808,1.0,-0.5392278905586776,0.05000000000000002,0.2
32,2015-04-01,50.78125,11.975672237422245,0.4373831627586733,1.0,-0.5374582657830365,0.0,0.2
33,2015-04-06,51.807228915662655,10.405040004340492,0.4302744392216845,1.0,-0.543586643622843,0.0,0.2
34,2015-04-07,52.17391304347826,9.605638693854516,0.44699218323907947,1.0,-0.5462202319680661,0.04999999999999999,0.25
35,2015-04-08,52.17391304347826,11.840237196341661,0.4618924340964872,1.0,-0.5345829131295363,0.0,0.25
36,2015-04-09,51.64835164835165,11.954056486391806,0.47530564509572376,1.0,-0.5160052107274448,0.0,0.25
37,2015-04-10,55.78947368421053,13.748326839594952,0.5033146278484674,1.0,-0.5015812058412484,0.04999999999999999,0.3
38,2015-04-13,52.47524752475248,5.737312936161587,0.5128628208768707,0.5,-0.49271248764577635,-0.04999999999999999,0.25
39,2015-04-15,53.39805825242719,5.348954695813617,0.5377095161989324,1.0,-0.48028737497836227,0.04999999999999999,0.3
40,2015-04-16,54.285714285714285,5.348954695813617,0.5684264521748845,1.0,-0.4691102796865054,0.0,0.3
41,2015-04-17,55.14018691588786,5.025126487760076,0.5892811523859125,1.0,-0.4517010397717981,0.0,0.3
42,2015-04-20,53.57142857142858,7.928307832375609,0.5929758415165484,0.0,-0.4241054913634409,-0.04999999999999999,0.25
43,2015-04-21,54.019292604501615,8.176134674543889,0.597220865648426,0.0,-0.404294989203691,0.0,0.25
44,2015-04-22,50.81967213114754,18.75501312768516,0.6097849763017804,1.0,-0.3876392902505166,0.04999999999999999,0.3
45,2015-04-23,51.61290322580645,18.754276080785317,0.6212867998613367,1.0,-0.37900160414072337,0.0,0.3
46,2015-04-24,52.38095238095237,18.754276080785317,0.6319194794350584,1.0,-0.38598014851907236,0.0,0.3
47,2015-04-27,53.12499999999999,18.864683877348412,0.6338974129033651,1.0,-0.38597405182846456,0.0,0.3
48,2015-04-28,53.488372093023244,22.694739567972718,0.6434593504035299,1.0,-0.37895524823417304,0.0,0.3
49,2015-04-29,53.84615384615383,21.435505896595387,0.6445612221752902,1.0,-0.3871978890464268,0.0,0.3
50,2015-04-30,54.19847328244274,21.350987018803636,0.6454627536249121,1.0,-0.394913315724595,0.0,0.3
51,2015-05-15,54.54545454545454,28.138085432760732,0.6471502676947675,0.0,-0.5359077245048631,-0.04999999999999999,0.25
52,2015-05-18,57.14285714285714,31.242310507545426,0.6171782788000016,0.0,-0.550463856216504,-0.04999999999999999,0.2
53,2015-05-19,56.4516129032258,17.106325453896844,0.5902115491088419,0.0,-0.5633059845726663,0.0,0.2
54,2015-05-20,56.09756097560975,21.557130927633565,0.5815161085853714,0.5,-0.5635106289791637,0.04999999999999999,0.25
55,2015-05-21,55.737704918032776,55.60270707842684,0.573179560586629,0.5,-0.5707616515609591,0.0,0.25
56,2015-05-22,55.737704918032776,64.94445900129423,0.5809490926546752,1.0,-0.5665826602522033,0.04999999999999999,0.3
57,2015-05-25,55.737704918032776,63.432310431937715,0.587305982528531,1.0,-0.5631854727614006,0.0,0.3
58,2015-05-26,55.737704918032776,62.9722816287164,0.5925070742435041,1.0,-0.5604395240167528,0.0,0.3
59,2015-05-27,55.737704918032776,62.97321323739076,0.5967625129193912,1.0,-0.5654959333859416,0.0,0.3
60,2015-05-28,55.737704918032776,63.2964219207236,0.6002442354723897,1.0,-0.5709646419119331,0.0,0.3
61,2015-05-29,55.737704918032776,63.2964219207236,0.6110365458600298,1.0,-0.5695102579564214,0.0,0.3
62,2015-06-01,55.73770491803279,63.2964219207236,0.6290323429555518,1.0,-0.5683684474936781,0.0,0.3
63,2015-06-03,54.70588235294118,38.68763680565396,0.6389350623600872,0.0,-0.5476213143371894,-0.04999999999999999,0.25
64,2015-06-04,56.53495440729483,29.10611847273603,0.6171782788000016,0.0,-0.5390526545142793,-0.04999999999999999,0.2
65,2015-06-05,55.0,21.481011360203524,0.5902115491088419,0.0,-0.5369900813077683,0.0,0.2
66,2015-06-08,55.0,21.481011360203524,0.5657036678569967,0.0,-0.5337345934196064,0.0,0.2
67,2015-06-09,54.62184873949579,26.522773523477227,0.5432075716918631,0.0,-0.5372758561471512,0.0,0.2
68,2015-06-10,57.69230769230769,25.33033884209567,0.5065450407783915,0.0,-0.5438287216467205,-0.05000000000000002,0.15
69,2015-06-11,56.86274509803922,20.636744617647295,0.4886945753207628,0.5000000000000001,-0.5447324450486413,0.05000000000000002,0.2
70,2015-06-12,55.99999999999999,21.103921178459117,0.47164545571453353,0.5000000000000001,-0.5451685848416546,0.0,0.2
71,2015-06-15,55.102040816326536,21.103921178459117,0.45525198271399503,0.5000000000000001,-0.5452328507597328,0.0,0.2
72,2015-06-16,56.140350877192986,26.953858314395802,0.42358250711701023,0.0,-0.5489683611190795,-0.05000000000000002,0.15
73,2015-06-17,54.54545454545455,26.57164105707109,0.4019484563069554,0.0,-0.5515675434441645,0.0,0.15
74,2015-06-18,52.83018867924528,27.83040992759541,0.38974730425665516,0.0,-0.5532459751810916,0.0,0.15
75,2015-06-19,50.98039215686275,39.90143544350679,0.3785424468268703,0.0,-0.5464114584837478,0.0,0.15
76,2015-06-22,48.97959183673469,40.32736448829218,0.3681527395411434,0.0,-0.538633244331945,0.0,0.15
77,2015-06-23,51.541850220264315,48.24777485998466,0.35842997328237325,0.0,-0.5379042093637751,0.0,0.15
78,2015-06-24,54.43037974683545,81.17420358799396,0.37300895507285614,1.0,-0.5330220932757548,0.05000000000000002,0.2
79,2015-06-25,54.43037974683545,80.92574366318846,0.37821568126396726,1.0,-0.5216501843410772,0.0,0.2
80,2015-06-26,54.43037974683545,81.07162033621773,0.3824757299657856,1.0,-0.5031947204168923,0.0,0.2
81,2015-06-29,54.43037974683545,74.02307747813937,0.3859612243581823,1.0,-0.4859932033221171,0.0,0.2
82,2015-06-30,54.43037974683545,51.09648030501306,0.38094418006786435,0.0,-0.47326358314058714,-0.05000000000000002,0.15
83,2015-07-01,53.84615384615384,47.937505724464074,0.37683932564851325,0.0,-0.4600590506652942,0.0,0.15
84,2015-07-02,53.24675324675324,47.121810784212926,0.3734808083963169,0.0,-0.4387069667949479,0.0,0.15
85,2015-07-03,52.63157894736841,47.121810784212926,0.3707329306445199,0.0,-0.4172201496401286,0.0,0.15
86,2015-07-06,52.439024390243894,38.154874466288454,0.3684846670294134,0.0,-0.3956415221066895,0.0,0.15
87,2015-07-07,52.439024390243894,38.081232659768276,0.3666451786170534,0.0,-0.3740057595240423,0.0,0.15
88,2015-07-14,52.4390243902439,10.086455331412111,0.34729379493994583,1.0,-0.33516663173338856,0.05000000000000002,0.2
89,2015-07-15,52.439024390243894,11.111111111111114,0.36145334310633703,1.0,-0.33219833489785605,0.0,0.2
90,2015-07-16,52.439024390243894,11.313246162592378,0.37426052463110543,1.0,-0.3293606934559881,0.0,0.2
91,2015-07-17,52.439024390243894,27.076905817019124,0.3859612243581823,1.0,-0.31991358811531956,0.0,0.2
92,2015-08-04,47.39884393063585,49.253529120667146,0.8079964692713557,0.0,-0.2546103683491563,-0.050000000000000044,0.35
93,2015-08-05,48.295454545454554,51.3052260571146,0.8200479235351666,0.0,-0.26560167570108306,0.0,0.35
94,2015-08-06,50.94339622641509,61.33889222135743,0.8085963285919837,0.0,-0.2881219108310472,-0.04999999999999999,0.3
95,2015-08-07,51.552795031055894,63.56506138924708,0.7912832135214657,0.3333333333333332,-0.30936679259176647,0.0,0.3
96,2015-08-10,52.147239263803684,69.4220135248153,0.7917082816216955,0.6666666666666664,-0.33333241289536053,0.04999999999999999,0.35
97,2015-08-11,53.45211581291759,77.83327959706111,0.7682999955855948,0.3333333333333332,-0.3688562168026184,-0.04999999999999999,0.3
98,2015-08-12,53.45211581291759,77.51546881544905,0.746703568233343,0.5,-0.40313291265111817,0.0,0.3
99,2015-08-13,53.1390134529148,76.16176889901814,0.7265895707133317,0.5,-0.44412137293343434,0.0,0.3
100,2015-08-14,52.8216704288939,72.99222666705688,0.7076884703287893,0.5,-0.48404939871405483,0.0,0.3
101,2015-08-17,52.17391304347826,67.7028005631816,0.6897797403278125,0.5,-0.5230762065295411,0.0,0.3
102,2015-08-18,51.50812064965197,69.0165052129201,0.6806265780303945,0.0,-0.5613368089708219,0.0,0.3
103,2015-08-19,52.38095238095237,66.980006747705,0.6561030896700476,0.0,-0.5956487755332295,-0.04999999999999999,0.25
104,2015-08-20,51.61290322580645,68.11429833326291,0.657350293079701,1.0,-0.6167987148878323,0.04999999999999999,0.3
105,2015-08-21,51.75600739371534,71.28006758095329,0.6425582915046792,0.0,-0.6417959323391135,-0.04999999999999999,0.25
106,2015-08-24,52.58620689655173,77.96929260714762,0.6212900198012993,0.0,-0.6580122464865601,0.0,0.25
107,2015-08-25,51.754385964912274,75.62957808305636,0.6093881415655512,0.0,-0.6735543901916456,0.0,0.25
108,2015-08-26,52.17391304347826,77.00387113517255,0.5984281445294909,0.0,-0.6890557687002774,0.0,0.25
109,2015-08-27,51.780821917808225,73.66071270596368,0.5882387775659023,0.0,-0.6962140903967302,0.0,0.25
110,2015-08-28,50.974930362116986,42.045159615883726,0.5786799261161542,0.0,-0.6958066352532797,0.0,0.25
111,2015-09-02,53.47432024169184,41.853165145614135,0.5448716882922573,0.0,-0.6685877897404331,-0.04999999999999999,0.2
112,2015-09-03,52.61538461538462,51.14703440437236,0.5224969347911861,0.0,-0.6563097391634314,0.0,0.2
113,2015-09-04,51.72413793103448,45.733195898660014,0.5096897532664176,0.0,-0.63552652029058,0.0,0.2
114,2015-09-07,50.79872204472844,35.75203050279396,0.4979890535393406,0.0,-0.6220932100052426,0.0,0.2
115,2015-09-08,51.35135135135135,84.41558441558442,0.48719365710128393,0.0,-0.600408770093391,0.0,0.2
116,2015-09-09,50.458715596330265,76.11864621625048,0.4771389633542438,0.0,-0.5857727872647579,0.0,0.2
117,2015-09-22,50.476190476190474,99.7866987530081,0.4577875796771361,1.0,-0.4891587026761326,0.04999999999999999,0.25
118,2015-09-30,52.29357798165138,3.755454760420477,0.5014926585520949,0.0,-0.4227532391256923,-0.04999999999999999,0.2
119,2015-10-01,52.72727272727274,7.1390052681793605,0.5125942153866504,1.0,-0.4137612744621033,0.04999999999999999,0.25
120,2015-10-05,53.15315315315316,7.1390052681793605,0.5228994040035533,1.0,-0.4052560874058315,0.0,0.25
121,2015-10-06,53.982300884955755,14.309337702207145,0.5483654593525694,1.0,-0.39318855339819214,0.04999999999999999,0.3
122,2015-10-07,54.78260869565218,14.194379283381622,0.571645516142661,1.0,-0.38236029817214745,0.0,0.3
123,2015-10-08,52.21238938053097,24.340488284450274,0.5693809596300714,0.5,-0.3765138061033896,-0.04999999999999999,0.25
124,2015-10-09,52.63157894736843,23.68662071245103,0.5675281406652252,0.5,-0.37059103061808607,0.0,0.25
125,2015-10-12,53.44827586206896,25.39337290017386,0.5818246386041802,1.0,-0.36840692475170067,0.04999999999999999,0.3
126,2015-10-13,54.23728813559322,25.43102408979857,0.5947438699428644,1.0,-0.3741707661340796,0.0,0.3
127,2015-10-14,54.62184873949579,23.83012188074028,0.6065362467904181,1.0,-0.3804531919248073,0.0,0.3
128,2015-10-15,55.0,25.519480119429602,0.6253502800804152,1.0,-0.3871476410805912,0.0,0.3
129,2015-10-16,54.302670623145396,17.649112520986066,0.6194317043404751,0.0,-0.39812982436006716,-0.04999999999999999,0.25
130,2015-10-19,54.70588235294118,52.86386719199635,0.6304016740088989,1.0,-0.3967184993796601,0.04999999999999999,0.3
131,2015-10-20,55.102040816326536,65.11968904610023,0.6326555721001438,0.5,-0.40359110382022156,0.0,0.3
132,2015-10-21,53.84615384615384,67.82573328614666,0.6503121112668097,1.0,-0.4067526100692358,0.04999999999999999,0.35
133,2015-10-23,54.54545454545455,70.09402969952481,0.6739240955451713,1.0,-0.4187889683119913,0.0,0.35
134,2015-10-26,55.223880597014926,70.65007847443766,0.6956871850956364,1.0,-0.43155928791223364,0.0,0.35
135,2015-10-27,53.684210526315795,74.63664588305835,0.6921814735688068,0.5,-0.441105779171455,-0.04999999999999999,0.3
136,2015-10-28,54.04699738903393,77.0103473323267,0.7051256048661391,1.0,-0.446398329541549,0.04999999999999999,0.35
137,2015-10-29,53.52112676056338,68.00210824367653,0.7169383544071318,1.0,-0.46011614239450405,0.0,0.35
138,2015-10-30,53.24999999999999,72.75420464790676,0.7120129872372906,0.0,-0.47816040641324586,-0.04999999999999999,0.3
139,2015-11-02,53.59801488833747,73.5840681494974,0.7317392103982544,1.0,-0.48434880950148296,0.04999999999999999,0.35
140,2015-11-03,53.441295546558706,79.17009841568009,0.7265669718254691,0.0,-0.4949084424335206,-0.04999999999999999,0.3
141,2015-11-04,53.441295546558706,79.87822602303673,0.7223351402659176,0.5,-0.49710869354746,0.0,0.3
142,2015-11-05,53.441295546558706,80.82497006266735,0.7109291043274615,0.5,-0.5067428308506216,0.0,0.3
143,2015-11-06,52.17391304347826,86.6963944441858,0.7003747964437311,0.5,-0.5159320238004834,0.0,0.3
144,2015-11-09,53.4412955465587,84.89728755628556,0.6747049162400378,0.0,-0.543741251600068,-0.04999999999999999,0.25
145,2015-11-10,53.4412955465587,80.67954654739046,0.6750141626869531,0.5,-0.5589019522756823,0.04999999999999999,0.3
146,2015-11-13,53.93053016453382,76.25084189793205,0.6515111134799593,0.0,-0.5777870744780848,-0.04999999999999999,0.25
147,2015-11-16,53.072625698324025,76.76924346897809,0.6298371526242494,0.0,-0.5805268182305774,0.0,0.25
148,2015-11-17,52.63157894736841,78.49653001384631,0.6334157876286061,1.0,-0.5863497775544118,0.04999999999999999,0.3
149,2015-11-18,52.99145299145299,80.4031208796947,0.6284001334242566,0.5,-0.5995923780028973,0.0,0.3
150,2015-11-19,52.99145299145299,79.15356309365467,0.6468303887138113,1.0,-0.6011954100199086,0.04999999999999999,0.35
151,2015-11-20,52.99145299145299,80.56383596752715,0.6631317851575314,1.0,-0.6044546343939543,0.0,0.35
152,2015-11-23,54.04699738903393,81.78638267594273,0.6776913880001142,1.0,-0.6007633639770942,0.0,0.35
153,2015-11-24,54.04699738903393,81.50915927618736,0.6908258869872214,1.0,-0.59790535802463,0.0,0.35
154,2015-11-26,55.88235294117647,77.28701456478603,0.7107380202095801,1.0,-0.5957330460629308,0.0,0.35
155,2015-11-27,54.4041450777202,80.54827452875588,0.7057178898688454,0.5,-0.6053477256652762,-0.04999999999999999,0.3
156,2015-11-30,54.4041450777202,79.78757948942807,0.7095541387979762,0.5,-0.5994429517858392,0.0,0.3
157,2015-12-01,54.75578406169665,80.65115584029466,0.7297274253115427,1.0,-0.5971338286984901,0.04999999999999999,0.35
158,2015-12-02,53.24999999999999,65.65215118164687,0.7249209658454323,0.0,-0.5843326585823102,-0.04999999999999999,0.3
159,2015-12-03,53.24999999999999,64.8696386742835,0.720988408100433,0.0,-0.5712906031247728,0.0,0.3
160,2015-12-04,53.24999999999999,49.398616962112975,0.6940147918273267,0.0,-0.5697901373747459,-0.04999999999999999,0.25
161,2015-12-07,53.59801488833747,48.3345084150469,0.6853137168277179,0.5,-0.5703632427241345,0.04999999999999999,0.3
162,2015-12-08,53.59801488833747,47.86047688718695,0.6769725588030442,0.5,-0.5713143345032515,0.0,0.3
163,2015-12-09,53.59801488833747,47.97323529183394,0.6689258783033175,0.5,-0.5720340624099409,0.0,0.3
164,2015-12-10,53.59801488833747,48.38468923194142,0.6769325746887401,1.0,-0.5758609799900053,0.04999999999999999,0.35
165,2015-12-11,53.94088669950739,49.894169984724584,0.7072395771221929,1.0,-0.5691801720653724,0.050000000000000044,0.4
166,2015-12-14,52.38095238095238,35.835886094838415,0.7186679680711758,0.6666666666666664,-0.5752572805405871,-0.050000000000000044,0.35
167,2015-12-15,52.38095238095237,36.48753608072391,0.7212969381192418,0.6666666666666664,-0.5738767812951024,0.0,0.35
168,2015-12-16,52.21238938053097,38.81903471409405,0.7155791011835623,0.3333333333333332,-0.5768697964179067,-0.04999999999999999,0.3
169,2015-12-17,51.99999999999999,32.942867477413174,0.710900870963461,0.3333333333333332,-0.5870575916905386,0.0,0.3
170,2015-12-18,52.38095238095237,34.57230280859298,0.730829297083303,0.6666666666666664,-0.592131868579018,0.04999999999999999,0.35
171,2015-12-21,52.38095238095237,36.86298821359777,0.741634938023429,0.4999999999999997,-0.5904441165907955,0.0,0.35
172,2015-12-22,52.51798561151078,37.24318996266874,0.7516980136357985,0.4999999999999997,-0.5886873136123212,0.0,0.35
173,2015-12-23,52.857142857142854,39.79429984871741,0.7611535357981859,0.4999999999999997,-0.5951849718678452,0.0,0.35
174,2015-12-24,50.94339622641509,35.91009893819523,0.7621683404754005,0.4999999999999997,-0.5946557759266452,0.0,0.35
175,2015-12-28,51.84331797235023,43.84874378420617,0.7392425661841059,0.0,-0.5983114910056889,-0.04999999999999999,0.3
176,2015-12-29,52.17391304347826,43.87825979343743,0.7417969901957112,0.4999999999999997,-0.597781938300173,0.04999999999999999,0.35
177,2015-12-30,52.50000000000001,41.56206084515338,0.743886973477934,0.4999999999999997,-0.605203812475738,0.0,0.35
178,2015-12-31,52.8216704288939,42.295813911390894,0.7693530288269501,1.0,-0.6008756676623013,0.050000000000000044,0.4
179,2016-01-01,53.1390134529148,48.33037584858106,0.8084455263454167,1.0,-0.5936330844320041,0.04999999999999999,0.45
180,2016-01-04,55.0,67.42292312052066,0.8361529587275928,0.7500000000000001,-0.5803878630392127,0.0,0.45
181,2016-01-05,52.48380129589633,73.72796101071451,0.8454544287255313,0.5000000000000001,-0.5799756605463352,-0.04999999999999999,0.4
182,2016-01-06,51.72413793103448,85.5079252975361,0.8700992597499407,0.6666666666666667,-0.5837414554281908,0.04999999999999999,0.45
183,2016-01-07,52.80898876404493,86.43772740075208,0.9085198464573649,1.0,-0.5773233496090706,0.04999999999999999,0.5
184,2016-01-08,53.591160220994475,87.86396462994985,0.9436211619293297,0.7499999999999999,-0.5799505443334927,0.0,0.5
185,2016-01-11,54.59459459459459,87.32725306531384,0.999762779054025,1.0,-0.5800284874677746,0.050000000000000044,0.55
186,2016-01-12,51.64835164835165,86.36478924541026,1.028051243708365,0.7499999999999999,-0.5933804039825272,-0.050000000000000044,0.5
187,2016-01-13,52.432432432432435,85.33899598949773,1.0548626411368975,0.7499999999999999,-0.592413174486583,0.0,0.5
188,2016-01-14,52.17391304347826,83.11783474849972,1.056709459989844,0.5,-0.6039314104858307,-0.04999999999999999,0.45
189,2016-01-15,50.0,81.72868433513622,1.0514989619593345,0.0,-0.6149723397118998,0.0,0.45
190,2016-01-18,51.25348189415042,83.92093427272611,1.0314233864787248,0.0,-0.6300657384667179,-0.04999999999999999,0.4
191,2016-01-19,51.79063360881544,83.83281310930556,1.0375318879967932,0.3333333333333332,-0.6403004119636357,0.04999999999999999,0.45
192,2016-01-20,52.316076294277934,83.07022167030362,1.0516206619661221,0.6666666666666664,-0.6534385943641607,0.04999999999999999,0.5
193,2016-01-21,52.34657039711192,82.81614907306688,1.0406138683024602,0.3333333333333332,-0.6632977140465826,-0.04999999999999999,0.45
194,2016-01-22,52.346570397111904,81.55436625523599,1.0303862131890156,0.3333333333333332,-0.6878523754069925,0.0,0.45
195,2016-01-25,51.61290322580645,79.19617025453803,1.0128524067723803,0.3333333333333332,-0.719686981075552,0.0,0.45
196,2016-01-27,52.346570397111904,74.32244544268559,0.9881935594065037,0.0,-0.7476369271120333,-0.04999999999999999,0.4
197,2016-01-28,51.766138855054805,67.60321179998597,0.9655739455117076,0.0,-0.7819777900464899,0.0,0.4
198,2016-01-29,51.470588235294116,34.7875404885238,0.9683788643931756,0.3333333333333332,-0.8032697940472564,0.04999999999999999,0.45
199,2016-02-01,50.86848635235732,36.90658244389673,0.9706737980234678,0.3333333333333332,-0.8245322275981244,0.0,0.45
200,2016-02-02,51.70454545454546,35.557029659571825,0.9804950992925298,1.0,-0.8379884285766357,0.0,0.45
201,2016-02-03,51.42857142857143,42.44296990879582,0.9818091777842969,0.5,-0.8588266613659448,0.0,0.45
202,2016-02-04,51.92307692307693,59.37506612467853,0.9749407046151011,0.5,-0.8646896781744637,0.0,0.45
203,2016-02-05,52.17391304347826,59.03448106745069,0.9918550171152358,1.0,-0.8745947128848817,0.04999999999999999,0.5
204,2016-02-08,52.11267605633803,70.36950327555269,1.022728537459624,1.0,-0.8819876943108327,0.050000000000000044,0.55
205,2016-02-09,52.55813953488372,68.41193475027784,1.0504328837913832,1.0,-0.8759030817060258,0.0,0.55
206,2016-02-10,50.990099009900995,61.050273992637514,1.067675457137804,0.4999999999999997,-0.8752494343241046,-0.050000000000000044,0.5
207,2016-02-11,51.351351351351354,55.45214868335683,1.1000396511996011,1.0,-0.8781862440760502,0.050000000000000044,0.55
208,2016-02-12,50.56179775280901,62.39725472199587,1.1064296672979466,0.4999999999999997,-0.8711608614592052,-0.050000000000000044,0.5
209,2016-02-15,50.79872204472844,60.291210077003726,1.112879958948859,0.4999999999999997,-0.8570603850273022,0.0,0.5
210,2016-02-16,49.921507064364214,25.612442348697627,1.1035671262325883,0.0,-0.8548794794579591,-0.04999999999999999,0.45
211,2016-02-17,50.15624999999999,25.612442348697627,1.0959475358283663,0.0,-0.8445185432137605,0.0,0.45
212,2016-02-18,50.15624999999999,25.181181981604382,1.0897133254976399,0.0,-0.8406936583775573,0.0,0.45
213,2016-02-19,50.15624999999999,23.256918246127398,1.076668979655495,0.0,-0.8362360873055388,0.0,0.45
214,2016-02-22,50.38880248833593,24.117783999803137,1.0726430488255707,1.0,-0.8345535236632009,0.04999999999999999,0.5
215,2016-02-23,50.61919504643963,19.345539625080235,1.0681270087579113,1.0,-0.8410853275155934,0.0,0.5
216,2016-02-24,51.07361963190184,28.969059744766696,1.0869660392502125,1.0,-0.8588875611684583,0.050000000000000044,0.55
217,2016-02-25,51.29770992366413,28.700900595260876,1.0956582598337208,1.0,-0.8703000162090357,0.0,0.55
218,2016-02-26,50.88161209068011,31.086156803005395,1.0949012642452212,0.4999999999999997,-0.8713817969600937,-0.050000000000000044,0.5
219,2016-02-29,50.63291139240507,31.488409442413428,1.0942819042182668,0.4999999999999997,-0.887377134130271,0.0,0.5
220,2016-03-01,50.847457627118644,35.33014650695222,1.101718783404127,0.0,-0.8953002665218084,0.0,0.5
221,2016-03-02,50.61919504643963,34.28606069342909,1.1090255993993705,0.0,-0.9031222293482806,0.0,0.5
222,2016-03-03,51.07296137339057,24.83270143724674,1.116226000056836,0.0,-0.9103420721600313,0.0,0.5
223,2016-03-04,51.07296137339057,24.456561296755922,1.1233393336197555,0.0,-0.9176015975864484,0.0,0.5
224,2016-03-08,50.0,84.28198917472383,1.1382502428985084,1.0,-0.9136620737390682,0.050000000000000044,0.55
225,2016-03-09,50.38167938931298,84.37033489563191,1.1516721744242997,1.0,-0.9106831431063458,0.0,0.55
226,2016-03-10,50.61728395061729,57.91216847236301,1.1401197823977436,0.0,-0.9202268097263453,-0.050000000000000044,0.5
227,2016-03-11,51.020408163265316,58.44034491797401,1.1452581693521235,1.0,-0.9253803062561026,0.050000000000000044,0.55
228,2016-03-14,51.21951219512195,61.363099740021646,1.157405932431803,1.0,-0.9388536360545165,0.0,0.55
229,2016-03-15,51.61290322580645,61.196359356204496,1.1843795487049096,1.0,-0.9413846965001809,0.04999999999999993,0.6
230,2016-03-16,51.807228915662655,51.04314890466245,1.208893064432893,1.0,-0.930048122704193,0.0,0.6
231,2016-03-17,52.191235059760956,65.00218107322527,1.247206211352333,1.0,-0.9158919520818483,0.050000000000000044,0.65
232,2016-03-18,52.554744525547434,50.48332506926833,1.2822196215432191,1.0,-0.9108419061609341,0.0,0.65
233,2016-03-21,53.068592057761734,51.15900107884341,1.314533247138017,1.0,-0.9000037734991662,0.0,0.65
234,2016-03-22,53.57142857142857,45.75216249499251,1.3366943297644633,1.0,-0.8976590433508178,0.0,0.65
235,2016-03-23,51.470588235294116,41.27410104200827,1.3414578772349874,0.0,-0.9002400732981928,-0.050000000000000044,0.6
236,2016-03-28,51.792828685258975,49.8166062085311,1.3387086093972216,0.0,-0.9216785423659319,-0.04999999999999993,0.55
237,2016-03-29,51.98412698412699,51.43103288103276,1.3297376768015843,0.0,-0.9418753408325071,0.0,0.55
238,2016-03-30,52.17391304347826,51.1737617445924,1.3382102635880737,0.49999999999999944,-0.9492877489733655,0.04999999999999993,0.6
239,2016-03-31,52.362204724409445,54.678942840786654,1.3384208484122813,0.49999999999999944,-0.96465432258127,0.0,0.6
240,2016-04-01,51.617076326002575,64.19603831488887,1.3227807043582585,0.0,-0.9766986294912738,-0.04999999999999993,0.55
241,2016-04-04,51.617076326002575,66.77816438886504,1.3008184978993313,0.0,-0.9956022224911694,0.0,0.55
242,2016-04-05,51.617076326002575,67.99841642700537,1.2804052265647683,0.0,-1.0063209720370048,0.0,0.55
243,2016-04-06,52.38095238095238,69.06836171687833,1.2454468250581265,0.0,-1.028037259641774,-0.050000000000000044,0.5
244,2016-04-07,51.965065502183414,69.02454465764099,1.2131782065686203,0.0,-1.0553307337866187,0.0,0.5
245,2016-04-08,51.32743362831859,58.91532053865791,1.1910539479374123,0.3333333333333333,-1.0811929565068255,0.0,0.5
246,2016-04-11,51.91532258064517,62.71750216436031,1.162639276032338,0.0,-1.1098332657357308,-0.04999999999999999,0.45
247,2016-04-12,52.52918287937743,59.70308395184332,1.1211342740589159,0.0,-1.1327768002202308,-0.04999999999999999,0.4
248,2016-04-13,51.102204408817634,59.71678998968392,1.0755657177977662,0.0,-1.1456441611528039,0.0,0.4
249,2016-04-18,51.324503311258276,62.81104733010052,1.0333939669386685,0.0,-1.1567831022509683,0.0,0.4
250,2016-04-20,51.77664974619289,62.42909330083819,1.0177574895266295,0.6666666666666667,-1.1630639828242617,0.04999999999999999,0.45
251,2016-04-21,51.53061224489795,61.41882315846924,1.0183322554133485,1.0,-1.1650322703289966,0.04999999999999999,0.5
252,2016-04-22,51.28205128205128,59.87887627676593,1.0333928624785902,1.0,-1.1631703851264594,0.050000000000000044,0.55
253,2016-04-25,51.28205128205128,57.72998075487083,1.0694712463773497,1.0,-1.1516668101173577,0.04999999999999993,0.6
254,2016-04-26,53.08056872037915,51.466810128906616,1.1014341174354128,0.8333333333333333,-1.1424299001716187,0.0,0.6
255,2016-04-27,51.530612244897966,48.321706658769386,1.11421730998635,0.6666666666666667,-1.1240058812124676,-0.04999999999999993,0.55
256,2016-04-28,51.0204081632653,45.88582569510921,1.1180295699416498,0.5,-1.1103913364739484,-0.050000000000000044,0.5
257,2016-04-29,51.530612244897966,44.70304806386529,1.1461268574118135,0.5000000000000001,-1.0853519996484116,0.050000000000000044,0.55
258,2016-05-02,52.02020202020203,44.72766693035656,1.1885942778725767,0.6666666666666664,-1.049369965382517,0.04999999999999993,0.6
259,2016-05-03,51.324503311258276,47.48841035230902,1.21241629507571,0.3333333333333336,-1.0113153466040254,-0.04999999999999993,0.55
260,2016-05-04,50.98039215686275,42.32711820385687,1.2276296981089776,0.3333333333333336,-0.9739534505020035,0.0,0.55
261,2016-05-05,49.497847919655676,54.12500076833615,1.2345775928873608,0.3333333333333336,-0.9444365524687437,0.0,0.55
262,2016-05-06,50.471698113207545,49.31442877374345,1.2177282617038343,0.0,-0.9343713334201378,-0.050000000000000044,0.5
263,2016-05-09,50.93457943925233,52.15734952032373,1.1947767203207684,0.0,-0.9313527525662502,0.0,0.5
264,2016-05-10,51.388888888888886,50.25927791346461,1.1893664338675565,0.6666666666666671,-0.9241228031659039,0.050000000000000044,0.55
265,2016-05-11,51.61290322580645,50.52248288632798,1.191661367497849,1.0,-0.9248231510867957,0.0,0.55
266,2016-05-12,51.61290322580645,45.8199504123755,1.2014826687669102,1.0,-0.9327528061490222,0.0,0.55
267,2016-05-13,51.388888888888886,48.13791902698433,1.2027967472586774,1.0,-0.9328411732356661,0.0,0.55
268,2016-05-16,51.16279069767442,44.34245999541945,1.1959282740894819,0.6666666666666671,-0.925249945074291,0.0,0.55
269,2016-05-17,51.5625,43.82435513593578,1.197030145861242,0.6666666666666671,-0.932920580648855,0.0,0.55
270,2016-05-18,51.5625,20.02070462467188,1.1821192365824895,0.3333333333333333,-0.95231708879425,-0.050000000000000044,0.5
271,2016-05-19,51.35520684736091,21.61001019531156,1.1686973050566982,0.3333333333333333,-0.9628557078559283,0.0,0.5
272,2016-05-20,50.93525179856115,27.31788323042413,1.1644372563548797,0.3333333333333333,-0.9799083404806581,0.0,0.5
273,2016-05-23,51.61290322580645,21.642401439555044,1.160951761962483,0.3333333333333333,-1.0035647683215025,0.0,0.5
274,2016-05-24,51.61290322580645,24.90873087821838,1.1659688062528009,0.6666666666666671,-1.014900794164903,0.050000000000000044,0.55
275,2016-05-25,51.61290322580645,22.348512243388015,1.170073660672152,1.0,-1.0268149615122975,0.0,0.55
276,2016-05-26,51.67286245353159,14.497575082852151,1.1734321779243482,1.0,-1.0397114273930366,0.0,0.55
277,2016-05-27,51.85185185185185,13.440313122747241,1.1761800556761453,1.0,-1.0456073858944117,0.0,0.55
278,2016-05-30,51.807228915662655,19.39917992368838,1.1626158785628773,0.4999999999999997,-1.0484515973611555,-0.050000000000000044,0.5
279,2016-05-31,51.61290322580645,23.45124904997752,1.150295818808846,0.4999999999999997,-1.0433621393775274,0.0,0.5
280,2016-06-01,51.417004048583,26.928443851973157,1.1469373015566493,0.4999999999999997,-1.0377575980139377,0.0,0.5
281,2016-06-02,52.17391304347826,33.37809844151677,1.128376983076478,0.0,-1.0429607807198489,-0.04999999999999999,0.45
282,2016-06-03,51.9578313253012,35.43055692406996,1.1277816120233548,0.4999999999999997,-1.042407726565823,0.04999999999999999,0.5
283,2016-06-06,51.73978819969742,36.89930249038092,1.1272944902526176,0.4999999999999997,-1.0345758986670817,0.0,0.5
284,2016-06-07,52.100840336134446,60.889349257952844,1.118952307777737,0.4999999999999997,-1.0195127805227666,0.0,0.5
285,2016-06-08,52.100840336134446,62.03097798138302,1.1109047890914772,0.4999999999999997,-1.0117826150561118,0.0,0.5
286,2016-06-09,52.100840336134446,59.95343091562348,1.1030983589595436,0.4999999999999997,-1.0118602112616106,0.0,0.5
287,2016-06-10,52.100840336134446,59.81223222752281,1.0954891830993316,0.4999999999999997,-1.0118173723166417,0.0,0.5
288,2016-06-13,52.39567233384853,58.621129981064136,1.080172584668249,0.0,-1.0229051115898853,-0.04999999999999999,0.45
289,2016-06-14,51.95007800312013,59.03251446648453,1.0664187256541877,0.0,-1.0329741891321549,0.0,0.45
290,2016-06-15,51.724137931034484,59.35990788900641,1.0697559123460638,0.4999999999999997,-1.0232105773286864,0.04999999999999999,0.5
291,2016-06-16,51.496062992125985,64.50118833885406,1.0804299661200583,0.4999999999999997,-1.0138685424275984,0.0,0.5
292,2016-06-17,52.40384615384616,75.63026655107055,1.0666293104783955,0.0,-1.0088501208930145,-0.04999999999999999,0.45
293,2016-06-20,52.40384615384616,73.7415821971935,1.0699282090204156,0.6666666666666664,-0.9914942870138357,0.04999999999999999,0.5
294,2016-06-21,52.40384615384616,71.05807313046381,1.072627307827523,0.6666666666666664,-0.9824936784745308,0.0,0.5
295,2016-06-22,52.42290748898679,68.32879862644982,1.0748356613969747,0.6666666666666664,-0.9738282581867006,0.0,0.5
296,2016-06-23,52.631578947368425,66.97783788998655,1.0924549368639918,1.0,-0.9687441042483997,0.050000000000000044,0.55
297,2016-06-24,52.83842794759825,65.29463416458879,1.1080928043619993,1.0,-0.9647731762667273,0.0,0.55
298,2016-06-27,53.04347826086957,62.44397443183483,1.1300531481841858,1.0,-0.9617199681974222,0.0,0.55
299,2016-06-28,53.24675324675326,58.31293895698838,1.150464895543235,1.0,-0.959420847442698,0.0,0.55
300,2016-06-29,53.44827586206896,58.70894712385746,1.1616659811336216,1.0,-0.9427065923346054,0.0,0.55
301,2016-06-30,52.61538461538462,49.40705336492023,1.1562401616405569,0.4999999999999997,-0.930655821753595,-0.050000000000000044,0.5
302,2016-07-01,52.100840336134446,57.28835462216153,1.159744483081418,0.4999999999999997,-0.9260446605822401,0.0,0.5
303,2016-07-04,52.30125523012553,57.946451211483755,1.1558901235319299,0.4999999999999997,-0.9210013025618426,0.0,0.5
304,2016-07-05,52.30125523012553,57.89366467117446,1.1527365566278027,0.4999999999999997,-0.9150890099249283,0.0,0.5
305,2016-07-07,52.30125523012553,56.34245780119674,1.1501563655244258,0.4999999999999997,-0.9167745254434017,0.0,0.5
306,2016-07-08,52.30125523012553,16.77536621114524,1.1242892310490114,0.0,-0.9221209642203092,-0.04999999999999999,0.45
307,2016-07-11,52.30125523012553,18.209248769942874,1.1164934593384226,0.4999999999999997,-0.929602134879399,0.04999999999999999,0.5
308,2016-07-12,52.5,18.481396357207288,1.1247054447331404,1.0,-0.933543629432998,0.050000000000000044,0.55
309,2016-07-13,52.69709543568465,17.652966325139857,1.1314243418742729,1.0,-0.9381968518119865,0.0,0.55
310,2016-07-14,52.69709543568465,17.050830659679676,1.1369216213533815,1.0,-0.9434317055733921,0.0,0.55
311,2016-07-15,52.69709543568465,17.012725881766414,1.1493630237714747,1.0,-0.949139635026764,0.0,0.55
312,2016-07-18,52.17391304347826,23.86073611380553,1.1449520089556249,0.4999999999999997,-0.95919409241998,-0.050000000000000044,0.5
313,2016-07-19,52.50000000000001,28.489630791672624,1.1255305561051914,0.0,-0.9648391842229376,-0.04999999999999999,0.45
314,2016-07-20,52.02020202020203,29.514341037117475,1.1084181798389336,0.3333333333333332,-0.9764930842178887,0.0,0.45
315,2016-07-21,52.17391304347826,24.149053162043742,1.0931950480506378,0.3333333333333332,-0.9870786137677916,0.0,0.45
316,2016-07-22,53.125,20.696316335396617,1.07164884931476,0.0,-0.9934862832943119,-0.04999999999999999,0.4
317,2016-07-25,52.87958115183246,22.395055208461955,1.0606668570263271,0.3333333333333332,-0.9943340515976817,0.04999999999999999,0.45
318,2016-07-26,52.631578947368425,24.921118285301773,1.0425158656483375,0.5,-0.9942743186394105,0.0,0.45
319,2016-07-27,52.38095238095237,20.423720839690844,1.0252208611981768,1.0,-0.9945314029522334,0.0,0.45
320,2016-07-28,52.17391304347826,36.41551056004165,1.008626209688967,1.0,-1.0022886981939276,0.0,0.45
321,2016-07-29,52.17391304347826,31.982230244498822,1.008417014950728,1.0,-1.00570994405817,0.04999999999999999,0.5
322,2016-08-01,51.87165775401069,22.756272799053235,0.9991549465285324,0.3333333333333332,-1.0064440712966036,-0.04999999999999999,0.45
323,2016-08-02,52.05811138014527,28.247653175080487,0.982485981455827,0.0,-1.0107787012058378,-0.04999999999999999,0.4
324,2016-08-03,51.470588235294116,31.126147153413257,0.9834380813724491,0.3333333333333332,-1.0021792664262776,0.04999999999999999,0.45
325,2016-08-04,50.86848635235732,31.126147153413257,0.9842170722133217,0.3333333333333332,-0.9859011002777456,0.0,0.45
326,2016-08-05,51.70454545454546,26.216745971308868,0.9927980566546765,0.3333333333333332,-0.9698747255998599,0.0,0.45
327,2016-08-08,52.44956772334295,16.19702549768199,0.9772848897408541,0.0,-0.9652989137483186,-0.04999999999999999,0.4
328,2016-08-09,52.44956772334295,13.874780730283575,0.979182642696562,0.5,-0.9482443632563753,0.04999999999999999,0.45
329,2016-08-10,52.44956772334295,13.872724846257228,0.9807353496603229,0.6666666666666667,-0.9394308789450574,0.0,0.45
330,2016-08-11,52.44956772334294,15.558245781324374,0.966193305538662,0.5000000000000002,-0.9348249036571254,-0.04999999999999999,0.4
331,2016-08-12,52.17391304347826,13.049696250803322,0.9451295444789405,0.5000000000000002,-0.9295213354585514,0.0,0.4
332,2016-08-16,51.89504373177842,10.586564158402751,0.9333949931334589,0.5000000000000002,-0.9309151754598401,0.0,0.4
333,2016-08-17,51.61290322580645,10.491357749479747,0.9305155282155299,0.5000000000000002,-0.9323307871403126,0.0,0.4
334,2016-08-18,51.32743362831859,7.3257769723472705,0.9202159740747655,0.5000000000000002,-0.9181979481476559,0.0,0.4
335,2016-08-19,50.74626865671642,5.856734357394998,0.910566969480055,0.0,-0.8960749205459535,0.0,0.4
336,2016-09-28,50.710900473933656,63.91852764987425,0.9226177073157596,0.0,-0.7522466867498696,-0.04999999999999999,0.4
337,2016-09-29,50.710900473933656,61.63272779146266,0.919253555587425,0.0,-0.7541052930189884,0.0,0.4
338,2016-09-30,50.94339622641509,64.39198990476558,0.9323135085380714,1.0,-0.7516576650288929,0.04999999999999999,0.45
339,2016-10-03,51.1737089201878,67.7295470090961,0.944221021249958,1.0,-0.7498336260192302,0.0,0.45
340,2016-10-04,51.40186915887851,67.76627327820988,0.9551856283119493,1.0,-0.7485192222371986,0.0,0.45
341,2016-10-05,51.62790697674419,64.33315025238022,0.9653787671149362,1.0,-0.7476193658681787,0.0,0.45
342,2016-10-06,51.851851851851855,65.18214455360365,0.9749407046151011,1.0,-0.7470548337250702,0.0,0.45
343,2016-10-07,52.073732718894014,40.67138643887629,0.9760425763868611,1.0,-0.7467597350005908,0.0,0.45
344,2016-10-10,52.29357798165138,43.73568993065278,0.9769441078364832,1.0,-0.7466793753765701,0.0,0.45
345,2016-10-13,52.51141552511416,50.47053535177774,0.9776817244770831,1.0,-0.7545400464487875,0.0,0.45
346,2016-10-14,52.72727272727274,50.63609811649057,0.9862288573000333,1.0,-0.7623733190490505,0.0,0.45
347,2016-10-17,52.709359605911345,60.24051329817624,0.9786316219063387,0.0,-0.7741367897667488,-0.04999999999999999,0.4
348,2016-10-18,52.709359605911345,61.24658914296997,0.9802845144683222,1.0,-0.7732174462681134,0.04999999999999999,0.45
349,2016-10-19,52.68817204301075,44.64471208377301,0.9658244403815706,0.5000000000000002,-0.7765417834993891,-0.04999999999999999,0.4
350,2016-10-20,52.709359605911345,38.654423111946095,0.9685838147412451,1.0,-0.7829915094399369,0.04999999999999999,0.45
351,2016-10-21,52.94117647058823,38.683809651551584,0.9708414846718882,1.0,-0.7896262216274135,0.0,0.45
352,2016-10-24,52.94117647058823,44.67036486039615,0.9568762284322215,0.5000000000000002,-0.8003711890244714,-0.04999999999999999,0.4
353,2016-10-25,52.94117647058823,46.06980241068625,0.9600404537576934,1.0,-0.8063576098907761,0.04999999999999999,0.45
354,2016-10-26,52.94117647058823,48.589401695625085,0.962629365387625,1.0,-0.8125938859580948,0.0,0.45
355,2016-10-27,52.94117647058823,48.589401695625085,0.9647475658121143,1.0,-0.8190318868937054,0.0,0.45
356,2016-10-28,52.94117647058823,46.939624280998295,0.9664806388866964,1.0,-0.8256316048885746,0.0,0.45
357,2016-11-01,53.19148936170213,46.78351029954526,0.9916546767930977,1.0,-0.8283959576852444,0.04999999999999999,0.5
358,2016-11-02,53.684210526315795,44.31944560264293,1.0225646226506016,1.0,-0.8282065620399783,0.050000000000000044,0.55
359,2016-11-03,54.166666666666664,36.09702125984885,1.0582423999737336,1.0,-0.8147195541517074,0.0,0.55
360,2016-11-04,54.63917525773197,34.41784767169361,1.0831559703779088,1.0,-0.8106198204510384,0.0,0.55
361,2016-11-07,54.929577464788736,26.781029494009843,1.1059839940313123,1.0,-0.7999140206457083,0.0,0.55
362,2016-11-08,55.34883720930233,23.903029997097462,1.1350492895510895,1.0,-0.8053472255435004,0.0,0.55
363,2016-11-09,52.42290748898679,30.402975364862712,1.138740206842327,0.4999999999999997,-0.8154479922518609,-0.050000000000000044,0.5
364,2016-11-10,52.63157894736843,23.626142563738043,1.127169704195413,0.0,-0.814130115614647,-0.04999999999999999,0.45
365,2016-11-11,52.63157894736843,24.97513488943899,1.1177029293024836,0.0,-0.8195631525983504,0.0,0.45
366,2016-11-15,51.28205128205128,18.340321922843046,1.125769826936643,0.4999999999999997,-0.8200230963272903,0.04999999999999999,0.5
367,2016-11-16,51.48936170212766,7.908045090624654,1.125648484272581,0.4999999999999997,-0.8205510264422133,0.0,0.5
368,2016-11-17,51.694915254237294,11.807647612079563,1.117605575612252,0.4999999999999997,-0.8211264875398321,0.0,0.5
369,2016-11-18,52.39567233384853,8.53817143933891,1.0939904765913424,0.0,-0.833468396260681,-0.04999999999999999,0.45
370,2016-11-21,52.39567233384853,20.754882433813947,1.0722248386151558,0.0,-0.8525310241930213,0.0,0.45
371,2016-11-22,52.17391304347826,25.217167112481533,1.0519723960391978,0.5,-0.8705589863842778,0.0,0.45
372,2016-11-23,52.87958115183246,32.98836881571013,1.0171455816986879,0.0,-0.8916882732368601,-0.04999999999999999,0.4
373,2016-11-24,52.127659574468076,33.047613278410466,0.9929282537348397,0.0,-0.9184514055818243,0.0,0.4
374,2016-11-25,51.61290322580645,35.403374976898334,0.9944259520143559,0.5,-0.9326089915581415,0.04999999999999999,0.45
375,2016-11-28,51.086956521739125,39.28739509272222,0.9956513415157783,1.0,-0.9460611742019664,0.0,0.45
376,2016-11-29,50.54945054945055,39.273871768180676,0.9887103046272098,1.0,-0.9444451446193314,0.0,0.45
377,2016-11-30,51.44312393887946,35.12265391208746,0.9818091777842969,1.0,-0.9429984880344144,0.0,0.45
378,2016-12-01,51.88679245283019,32.329242392308814,0.9749407046151011,1.0,-0.9567334431090824,0.0,0.45
379,2016-12-02,52.42214532871973,42.35540591945768,0.9602301356584866,0.0,-0.9671066166882636,-0.04999999999999999,0.4
380,2016-12-05,51.92307692307693,41.599895477856016,0.9469721189417173,0.0,-0.9765550080994756,0.0,0.4
381,2016-12-06,51.413427561837466,41.63787744537302,0.9349025540575487,0.0,-0.9774760655176036,0.0,0.4
382,2016-12-07,50.89285714285714,37.86462599962057,0.931748987153422,0.0,-0.9779418467436569,0.0,0.4
383,2016-12-08,52.0,92.48066935832206,0.9449812367784198,1.0,-0.966820610814737,0.04999999999999999,0.45
384,2016-12-09,52.0,87.18072822314106,0.9490860911977712,1.0,-0.9413278204023445,0.0,0.45
385,2016-12-12,52.0,81.2965316869439,0.9524446084499675,1.0,-0.9165914847643024,0.0,0.45
386,2016-12-13,52.0,71.80049182080614,0.9393800454733897,0.0,-0.9042343607704659,-0.04999999999999999,0.4
387,2016-12-14,52.23880597014925,86.80953214473256,0.9432812016504799,1.0,-0.8873929134743868,0.04999999999999999,0.45
388,2016-12-15,52.17391304347826,89.14915301890771,0.9306606159760878,0.0,-0.8750090953361611,-0.04999999999999999,0.4
389,2016-12-16,52.17391304347826,87.51546207953712,0.942868654608335,1.0,-0.8654321869846096,0.04999999999999999,0.45
390,2016-12-19,52.09580838323352,75.989104643028,0.9382667057858836,0.0,-0.8675604244623292,-0.04999999999999999,0.4
391,2016-12-20,52.09580838323352,76.71406621948347,0.9503139156595248,1.0,-0.8574100215368241,0.04999999999999999,0.45
392,2016-12-21,51.99999999999999,76.44113738025257,0.9455803796709417,0.0,-0.8445872834887056,-0.04999999999999999,0.4
393,2016-12-22,51.807228915662655,73.14376507405628,0.9337638582905503,0.0,-0.8314137177434024,0.0,0.4
394,2016-12-23,51.807228915662655,78.74205052573797,0.9228736986816002,0.0,-0.8179613370144296,0.0,0.4
395,2016-12-26,51.807228915662655,82.38891887030042,0.912741471431102,0.0,-0.8193221648002311,0.0,0.4
396,2016-12-27,52.63157894736843,86.04687864008356,0.8953605582261486,0.0,-0.824280351223293,-0.050000000000000044,0.35
397,2016-12-28,51.98358413132696,85.54838609245235,0.8719740860982791,0.0,-0.8280306698368348,0.0,0.35
398,2016-12-29,51.65289256198348,88.684881851567,0.8741515755163234,0.5000000000000002,-0.8263167022582674,0.050000000000000044,0.4
399,2016-12-30,51.832460732984295,88.24543885252727,0.8521770887402529,0.0,-0.8365622470768611,-0.050000000000000044,0.35
400,2017-01-02,51.96629213483146,85.69092975725087,0.8555098389006783,1.0,-0.826935470755763,0.050000000000000044,0.4
401,2017-01-03,51.96629213483146,79.60353468289941,0.8661054469160324,1.0,-0.8215053576678262,0.04999999999999999,0.45
402,2017-01-04,52.531645569620245,74.28452481966548,0.8827182090455998,1.0,-0.8093863027738393,0.0,0.45
403,2017-01-05,52.531645569620245,73.18740504617801,0.8975325656311486,1.0,-0.8060960282986596,0.0,0.45
404,2017-01-06,53.28185328185329,76.1435232886513,0.9108754994988641,1.0,-0.7957523335826333,0.0,0.45
405,2017-01-09,53.28185328185329,75.5570487814531,0.9230145420519886,1.0,-0.7934208722583131,0.0,0.45
406,2017-01-10,53.28185328185329,66.71272753791857,0.9262997701908963,0.5000000000000002,-0.7956374722768733,-0.04999999999999999,0.4
407,2017-01-11,53.28185328185329,68.79366508232003,0.930209780784087,0.0,-0.7974228633695108,0.0,0.4
408,2017-01-12,53.550863723608444,62.84691250835168,0.9424997894512435,1.0,-0.787114581756563,0.04999999999999999,0.45
409,2017-01-13,53.81679389312977,54.62345080690592,0.961720976048188,1.0,-0.7703170693349477,0.0,0.45
410,2017-01-16,52.71028037383178,39.55259917787305,0.956135525741205,0.5000000000000002,-0.765928872706712,-0.04999999999999999,0.4
411,2017-01-17,52.9739776951673,48.51984208583613,0.9436219835548505,0.5000000000000002,-0.75325874803604,0.0,0.4
412,2017-01-18,53.23475046210722,34.84630019672153,0.9479739749239414,1.0,-0.7513955208852519,0.04999999999999999,0.45
413,2017-01-19,52.23880597014925,33.482087965791834,0.9515346951350161,1.0,-0.7505442145268073,0.0,0.45
414,2017-01-20,52.47524752475248,63.70367317830239,0.9544480116713494,1.0,-0.7572398737241246,0.0,0.45
415,2017-01-23,52.709359605911324,63.69217330692831,0.9726440750203611,1.0,-0.7529043276417366,0.04999999999999999,0.5
416,2017-01-24,52.94117647058823,63.68215135094979,0.9966974881751868,1.0,-0.7569259434231774,0.0,0.5
417,2017-01-25,53.17073170731708,63.68215135094979,1.0188217468063956,1.0,-0.7545457723131419,0.0,0.5
418,2017-01-27,53.39805825242719,63.73960963424347,1.0314239779830947,1.0,-0.7523866819006739,0.0,0.5
419,2017-01-30,53.6231884057971,64.17804494214339,1.042956991061751,1.0,-0.7509423579070174,0.0,0.5
420,2017-01-31,53.777777777777786,58.17401292437625,1.0615588176317414,1.0,-0.7578466492513802,0.0,0.5
421,2017-02-02,52.77777777777778,71.37271554590541,1.072363068485899,0.0,-0.7759472676136931,-0.04999999999999999,0.45
422,2017-02-03,52.77777777777778,71.13147178592205,1.0667506531424578,0.0,-0.7862285426608346,0.0,0.45
423,2017-02-06,51.25000000000001,90.93613461002138,1.0621586769523694,0.0,-0.7965012887832348,0.0,0.45
424,2017-02-07,51.45228215767634,89.90834128782215,1.0504579772252924,0.0,-0.8134717710330217,0.0,0.45
425,2017-02-08,51.45228215767634,89.77844562482528,1.0396625807872357,0.0,-0.8226695375312905,0.0,0.45
426,2017-02-09,51.45228215767634,89.29443951358326,1.0296078870401957,0.0,-0.8319806192543042,0.0,0.45
427,2017-02-13,52.77777777777778,5.666066110232748,0.9953939600639689,0.0,-0.8532705949752906,-0.04999999999999999,0.4
428,2017-02-14,52.33644859813084,23.636038932047498,0.9726872790746277,0.0,-0.864478160362995,0.0,0.4
429,2017-02-15,51.886792452830186,28.95370840448608,0.9516648922151792,0.5000000000000002,-0.8746721447990011,0.0,0.4
430,2017-02-16,53.19148936170213,39.58918918918919,0.9241517517597273,0.0,-0.8952570468397123,-0.050000000000000044,0.35
431,2017-02-17,52.68817204301075,39.86757649799338,0.9150092478836542,0.6666666666666667,-0.9102484134659476,0.050000000000000044,0.4
432,2017-02-20,53.17220543806647,40.61992105874158,0.8904944800498621,0.3333333333333332,-0.9137407643902327,-0.050000000000000044,0.35
433,2017-02-21,52.30769230769231,40.64500257611133,0.8679927494085904,0.4999999999999997,-0.9161708445558738,0.0,0.35
434,2017-02-22,54.83870967741936,41.12916357017009,0.8313256084691875,0.0,-0.9289651345410634,-0.04999999999999999,0.3
435,2017-02-23,53.94736842105264,43.106623951453145,0.7976589304437859,0.0,-0.9401206022490654,0.0,0.3
436,2017-02-27,53.02013422818793,44.1709757372272,0.7664471766207487,0.0,-0.9426803223507854,0.0,0.3
437,2017-02-28,54.09582689335395,19.266479932856726,0.7293751847155491,0.0,-0.9481594357839682,-0.04999999999999999,0.25
438,2017-03-01,55.28700906344412,15.345556631566552,0.6795648242624841,0.0,-0.9558569065102782,-0.04999999999999999,0.2
439,2017-03-02,53.605015673981185,31.00351118939308,0.6497349470656492,0.5000000000000001,-0.9422377134925394,0.04999999999999999,0.25
440,2017-03-03,52.25806451612903,35.94316189877382,0.6454184629477278,0.75,-0.9238796006198957,0.04999999999999999,0.3
441,2017-03-06,53.886925795052996,34.39951980394214,0.6485335098921682,1.0,-0.9018685790662173,0.04999999999999999,0.35
442,2017-03-07,53.475935828877006,32.41705258437605,0.6578037163023579,1.0,-0.8732897262087373,0.0,0.35
443,2017-03-08,53.057553956834525,33.38765174396623,0.6653884306379675,0.7999999999999999,-0.8536677592834766,0.0,0.35
444,2017-03-09,54.54545454545454,26.572498230835706,0.6795377343022894,0.7999999999999999,-0.8271244981607454,0.0,0.35
445,2017-03-10,54.166666666666664,26.972293970786794,0.6923365339617281,0.7999999999999999,-0.8014664052872893,0.0,0.35
446,2017-03-14,56.69291338582676,23.928742926654863,0.70403037579899,0.6666666666666664,-0.7760523511190414,0.0,0.35
447,2017-03-15,56.69291338582676,24.13419926271621,0.722763789535112,0.4999999999999997,-0.7514046685251577,0.0,0.35
448,2017-03-16,59.3984962406015,16.489036644738746,0.748478949668022,0.4999999999999997,-0.7274074722397669,0.0,0.35
449,2017-03-17,57.03125,23.725065792775112,0.7494288470972776,0.0,-0.7001548597537003,-0.04999999999999999,0.3
450,2017-03-20,57.03125,23.635237106647494,0.7434845042655664,0.0,-0.6648500345904644,0.0,0.3
451,2017-03-21,56.83453237410072,27.203467052711247,0.7306773227407983,0.0,-0.6372622548594618,0.0,0.3
452,2017-03-22,52.14723926380369,83.01191851013017,0.7189766230137213,0.0,-0.6172622423974187,0.0,0.3
453,2017-03-23,52.72727272727274,75.72238126775909,0.7239936673040394,1.0,-0.6080359383458882,0.04999999999999999,0.35
454,2017-03-24,53.0120481927711,70.55993730437979,0.7280985217233905,1.0,-0.5992913873211515,0.0,0.35
455,2017-03-27,52.94117647058823,77.71971793331645,0.7156445982472118,0.0,-0.5949107872660784,-0.04999999999999999,0.3
456,2017-03-28,52.94117647058823,74.56731016935046,0.7200453685609923,1.0,-0.5932495356833702,0.04999999999999999,0.35
457,2017-03-29,52.94117647058823,68.09328396551324,0.723645998817722,1.0,-0.5847260937818811,0.0,0.35
458,2017-03-30,52.857142857142854,75.4456102458553,0.7107795282993986,0.0,-0.5877911914079241,-0.04999999999999999,0.3
459,2017-03-31,53.81526104417671,77.95719426510101,0.691161506966225,0.0,-0.594174992743953,-0.04999999999999999,0.25
460,2017-04-03,53.06122448979591,54.68787659677031,0.673888301941362,0.0,-0.6063771960229749,0.0,0.25
461,2017-04-05,52.28215767634855,57.91129904612056,0.6585335829869349,0.0,-0.6095837296692871,0.0,0.25
462,2017-04-06,51.88284518828452,59.75375282850129,0.6605609751821482,0.5,-0.607978117999721,0.04999999999999999,0.3
463,2017-04-07,52.17391304347826,83.3601595134642,0.6542761223157724,0.5,-0.6138506844920134,0.0,0.3
464,2017-04-10,52.17391304347826,86.61156155097802,0.6479118733091982,1.0,-0.6271330975271463,0.0,0.3
465,2017-04-11,52.99145299145299,85.31452886535878,0.6336138513947289,0.0,-0.644978229972501,-0.04999999999999999,0.25
466,2017-04-12,52.99145299145299,87.53169405257745,0.628562185596539,1.0,-0.6506379312138215,0.04999999999999999,0.3
467,2017-04-13,52.99145299145299,89.64133209717993,0.6390193485559466,1.0,-0.637455899616871,0.04999999999999999,0.35
468,2017-04-17,52.991452991452995,93.03097314226802,0.6555188374579208,0.7499999999999998,-0.6332826637313729,0.0,0.35
469,2017-04-18,54.04699738903395,92.03537942174212,0.6781841442469895,0.7499999999999998,-0.6299786979045578,0.0,0.35
470,2017-04-19,54.04699738903393,92.04307674183339,0.6991726794880333,0.7499999999999998,-0.619621845711444,0.0,0.35
471,2017-04-20,54.04699738903393,92.17545105102111,0.718789310735238,0.7499999999999998,-0.602245369228005,0.0,0.35
472,2017-04-21,54.04699738903393,92.01592444695761,0.7135274060511956,0.4999999999999999,-0.5896140523721781,-0.04999999999999999,0.3
473,2017-04-24,53.52112676056338,92.80646975315682,0.7250346520380809,0.6666666666666664,-0.5727574666840777,0.04999999999999999,0.35
474,2017-04-25,54.166666666666664,93.13271449239384,0.7356717681432536,0.6666666666666664,-0.5643699050218082,0.0,0.35
475,2017-04-26,54.794520547945204,92.88220224681939,0.7535405880985754,0.6666666666666664,-0.5636608208935098,0.0,0.35
476,2017-04-27,55.10204081632653,92.6205439739233,0.762661096722276,0.6666666666666664,-0.5632559256684682,0.0,0.35
477,2017-04-28,55.40540540540541,92.0090993827993,0.7634017994132924,1.0,-0.555322660427813,0.0,0.35
478,2017-05-02,55.70469798657719,91.2893686726793,0.7640078288877605,1.0,-0.5555130842184931,0.0,0.35
479,2017-05-03,53.57142857142858,92.91199484332479,0.7645036711850526,1.0,-0.5563406266710874,0.0,0.35
480,2017-05-15,53.846153846153854,98.68050073305515,0.7576440524319579,0.0,-0.6160130526888803,-0.04999999999999999,0.3
481,2017-05-16,53.57142857142858,0.0,0.7434845042655664,0.0,-0.62670066340814,0.0,0.3
482,2017-05-17,53.2934131736527,0.0,0.7306773227407983,0.0,-0.6365762896216365,0.0,0.3
483,2017-05-18,53.0120481927711,0.0,0.7189766230137213,0.0,-0.6457799593382144,0.0,0.3
484,2017-05-19,52.72727272727273,0.0,0.7081812265756646,0.0,-0.6616898741994873,0.0,0.3
485,2017-05-22,52.439024390243915,0.0,0.6981265328286244,0.0,-0.6698455445630139,0.0,0.3
486,2017-06-05,54.54545454545454,0.0,0.6471502676947675,0.0,-0.6488774667331869,-0.04999999999999999,0.25
487,2017-06-06,54.22535211267605,0.0,0.6329907195283764,0.0,-0.6440911133853046,0.0,0.25
488,2017-06-07,53.90070921985814,0.0,0.6201835380036078,0.0,-0.6386375005454598,0.0,0.25
489,2017-06-08,53.57142857142856,0.0,0.6084828382765309,0.0,-0.6326459358511062,0.0,0.25
490,2017-06-09,53.237410071942435,0.0,0.5976874418384742,0.0,-0.6262238592102711,0.0,0.25
491,2017-06-12,52.89855072463767,0.0,0.5876327480914343,0.0,-0.6194603533081228,0.0,0.25
492,2017-07-17,55.55555555555556,3.8520801232665747,0.5366564829575772,0.0,-0.47852910706426544,-0.04999999999999999,0.2
493,2017-07-18,55.17241379310345,3.8520801232665747,0.5224969347911861,0.0,-0.48158391771257736,0.0,0.2
494,2017-07-19,54.78260869565218,3.8520801232665747,0.5096897532664176,0.0,-0.4838913891796096,0.0,0.2
495,2017-07-20,54.385964912280706,19.691119691119695,0.4979890535393406,0.0,-0.48558676093165387,0.0,0.2
496,2017-07-21,53.98230088495575,27.18786464410735,0.48719365710128393,0.0,-0.48678296531084697,0.0,0.2
497,2017-07-24,53.57142857142857,28.193325661680092,0.4771389633542438,0.0,-0.48757417058949726,0.0,0.2
