,Date,RSI,MFI,EMA,SO,MACD,Diff,CAPPIPES.BO.Close
0,2015-01-16,49.91275269602453,41.729170776002334,89.29939815280275,0.6666666666666666,-78.01782977276122,0.0,40.0
1,2015-01-19,50.138969609629584,39.1495677982695,88.87692979141588,0.4333329999999999,-78.59912346388055,-0.7000010000000003,39.299999
2,2015-01-20,49.90026085622219,32.16484735468866,88.48972254844399,0.4482752080860632,-79.39617447621134,0.0,39.299999
3,2015-01-21,49.6592554803645,32.16484735468866,88.13136531144801,0.4482752080860632,-79.61908305397787,0.0,39.299999
4,2015-01-22,50.04530015134239,29.09826162312511,87.79661262479594,0.4482752080860632,-79.62617268132709,0.0,39.299999
5,2015-01-23,50.282131768883296,25.242037745149645,87.48117275206161,0.4482752080860632,-79.76220135702427,0.0,39.299999
6,2015-01-27,50.90194263442209,18.281526685265632,86.45491047396902,0.0,-80.09066828613061,-2.7999989999999997,36.5
7,2015-01-28,51.26492864161041,9.18129010333179,85.37157016376902,0.0,-80.38737038157154,-0.5,36.0
8,2015-01-29,51.01329538090412,16.231904865230916,84.70368190071883,0.46511638723636917,-80.32854477260912,1.0,37.0
9,2015-01-30,50.759050123178696,16.231904865230916,84.0839020676327,0.46511638723636917,-80.20996045494057,0.0,37.0
10,2015-02-02,51.26416738490761,19.9862927937138,84.45223012094691,1.0,-79.76976942596069,3.0,40.0
11,2015-02-03,51.32203925760248,25.64989885048861,85.18104920691849,1.0,-79.13826981404605,1.0,41.0
12,2015-02-04,50.82285853356042,30.811132296757677,85.5026582281649,0.8333333333333334,-78.63901909202667,-1.0,40.0
13,2015-02-05,50.82285853356042,30.811132296757677,85.78290225961291,0.8333333333333334,-78.0570324268565,0.0,40.0
14,2015-02-06,50.82285853356042,25.941546487476614,86.02930220849858,0.8333333333333334,-77.39758873005735,0.0,40.0
15,2015-02-09,51.166094240161456,21.298741291312524,86.2480115443787,0.75,-76.75905048366884,0.0,40.0
16,2015-02-10,51.20652928036384,21.298741291312524,86.88890795002487,0.75,-76.17446708982119,0.0,40.0
17,2015-02-11,51.24689741460087,21.298741291312524,87.57826078574591,0.0,-75.88777045270905,0.0,40.0
18,2015-02-12,51.28719880879453,26.729156634141276,88.0811719091771,0.0,-75.17682078737604,0.0,40.0
19,2015-02-13,50.92667203867849,30.792787236430613,88.48690824256943,0.0,-74.42601271031431,-0.25,39.75
20,2015-02-16,50.60135790494666,25.330296127562647,88.40947195197207,0.0,-73.84280026674253,0.0,39.75
21,2015-02-18,49.79013641133263,39.71762332969156,88.18113193765463,0.0,-73.26666445408074,0.0,39.75
22,2015-02-19,49.93460633010725,34.950575859254556,88.12262843901924,0.0,-73.30800324052116,0.0,39.75
23,2015-02-20,50.07824726134585,34.950575859254556,88.06865145682895,0.0,-73.49948854555083,0.0,39.75
24,2015-02-23,50.06522306287503,25.45983581003844,88.01837798809375,0.0,-73.52780052611892,0.0,39.75
25,2015-02-27,50.07246376811594,13.57892780823191,88.00068327335008,1.0,-73.7740977559825,0.5,40.25
26,2015-03-02,50.08452064718668,13.57892780823191,88.14227875501399,1.0,-73.85931277288498,0.0,40.25
27,2015-03-03,50.096571704490586,13.57892780823191,88.2703505702617,1.0,-73.94985019624106,0.0,40.25
28,2015-03-04,50.1086169442433,13.57892780823191,88.38735756753246,1.0,-74.00574782055723,0.0,40.25
29,2015-03-05,50.12065637065637,2.530650738761395,88.49531153191305,1.0,-74.47235409914023,0.0,40.25
30,2015-03-09,51.245990624228966,3.8415652588880818,87.88429863660654,0.0,-75.19109302880551,-2.25,38.0
31,2015-03-10,51.16164112703904,3.8415652588880818,87.34160561184467,0.0,-75.7239155693874,0.0,38.0
32,2015-03-11,51.07699925724189,3.8415652588880818,86.85481066298289,0.0,-76.22363379862827,0.0,38.0
33,2015-03-12,50.99206349206349,3.8415652588880818,86.41375050349393,0.0,-76.26029791569121,0.0,38.0
34,2015-03-13,50.90683229813664,3.8415652588880818,86.01010971712819,0.0,-76.13134524683699,0.0,38.0
35,2015-03-16,50.82130413140865,3.8415652588880818,85.55764849851138,0.0,-76.13178777787579,0.0,38.0
36,2015-03-17,50.73547743704811,3.8415652588880818,85.13245860624565,0.0,-76.11880673301201,0.0,38.0
37,2015-03-19,51.275720164609055,5.580589254766039,83.7124630111903,0.0,-76.37515182141209,-2.0,36.0
38,2015-03-20,51.04740904079382,0.0,82.77639684447405,0.0,-76.53308212422802,0.0,36.0
39,2015-03-23,50.816948213791186,0.0,82.2641095834833,0.0,-76.6547530407666,0.0,36.0
40,2015-03-24,51.613566289825286,0.0,80.84733515069775,0.0,-76.98482394857218,-3.0,33.0
41,2015-03-25,51.17701959970964,0.0,79.56594640319202,0.0,-76.92318201069787,0.0,33.0
42,2015-03-26,50.73252406864797,0.0,78.3953277618243,0.0,-76.80466091831578,0.0,33.0
43,2015-03-27,51.35135135135135,0.0,77.3153392072968,0.0,-76.64020256271202,0.0,33.0
44,2015-03-30,51.06382978723405,0.0,76.3095025420022,0.0,-76.43890315230993,0.0,33.0
45,2015-03-31,51.049364469405845,30.35188560213095,76.8665174734574,0.7941176470588235,-75.8317392402551,4.75,37.75
46,2015-04-01,51.107174490699734,34.640178923825815,77.71145749773238,0.9411764705882353,-75.1887926955658,1.25,39.0
47,2015-04-06,51.16484812739605,38.43103234601561,78.74495912822837,0.9411764705882353,-74.62167876255089,0.0,39.0
48,2015-04-07,51.22238586156112,44.830649639089394,79.6638771710429,0.9411764705882353,-74.11774998161782,0.0,39.0
49,2015-04-08,51.27978817299205,44.830649639089394,80.48904500575438,0.9411764705882353,-73.35551369818823,0.0,39.0
50,2015-04-09,51.39418843557381,47.62256193990511,82.0303746372421,1.0,-72.49139745799938,1.0,40.0
51,2015-04-10,52.688172043010745,46.73564407656492,83.46255605014028,1.0,-71.6873681465176,0.0,40.0
52,2015-04-13,50.90751944684529,46.91037490912868,84.17293674596657,0.0,-70.62531285047686,-2.0,38.0
53,2015-04-15,50.608044901777355,48.65534451186672,84.56011816684722,0.0,-69.65675707484628,-1.0,37.0
54,2015-04-16,49.70662196144174,47.89124795849746,85.60716832779313,0.6666666666666666,-68.52340493709012,2.0,39.0
55,2015-04-17,50.09703354588301,50.18826338506751,86.17210145774564,1.0,-67.6689472997072,1.0,40.0
56,2015-04-20,50.481430536451164,50.18826338506751,86.49072311545184,1.0,-66.85705130833313,0.0,40.0
57,2015-04-21,50.859950859950864,50.18826338506751,86.77585549589315,1.0,-66.8183904224205,0.0,40.0
58,2015-04-22,51.23272825792468,50.18826338506751,87.03358755857228,1.0,-66.98743449991706,0.0,40.0
59,2015-04-23,51.35135135135135,43.990086741016114,87.26890117944598,1.0,-67.16291881424482,0.0,40.0
60,2015-04-24,51.40388768898489,41.145833333333336,87.32699987286605,1.0,-67.34299546963048,0.0,40.0
61,2015-04-29,51.225204200700105,32.18907260963336,87.91447486849121,0.0,-68.57456385534638,-1.0,39.0
62,2015-04-30,51.16822429906542,27.498078401229833,87.79558801185698,0.0,-68.94939571739084,0.0,39.0
63,2015-05-04,51.11111111111111,27.498078401229833,87.53944438136162,0.0,-69.15610554981518,0.0,39.0
64,2015-05-05,51.072961373390555,43.59605911330049,87.30543038682006,0.0,-70.1015351749726,0.0,39.0
65,2015-05-06,50.391389432485326,41.11498257839721,87.08952245805894,0.0,-71.18697317966216,0.0,39.0
66,2015-05-07,50.391389432485326,38.32116788321167,86.88842858311813,0.0,-72.25578516008534,0.0,39.0
67,2015-05-12,50.588235294117645,37.3134328358209,86.0332073871346,0.0,-74.77244472125287,-1.0,38.0
68,2015-05-13,50.4823151125402,37.3134328358209,85.58571231711318,0.0,-74.9871715546777,0.0,38.0
69,2015-05-14,50.37593984962406,29.680365296803657,85.32956868661782,0.0,-75.18282103498287,0.0,38.0
70,2015-05-15,50.26910656620021,29.680365296803657,85.09555469207626,0.0,-75.3628237445086,0.0,38.0
71,2015-05-18,50.16181229773463,29.680365296803657,84.87964676331512,0.0,-75.37461396344435,0.0,38.0
72,2015-05-19,50.05405405405406,29.680365296803657,84.67855288837431,0.0,-75.23398629617867,0.0,38.0
73,2015-06-16,50.99206349206349,19.016393442622956,87.7625301606173,0.0,-71.76397442880852,-2.0,38.0
74,2015-06-17,50.99206349206349,13.63636363636364,87.19614823396165,0.0,-71.90170887849094,0.0,38.0
75,2015-06-18,50.99206349206349,7.490636704119865,86.68386097297092,0.0,-72.3232429327363,0.0,38.0
76,2015-06-19,50.99206349206349,7.490636704119865,86.21583298388784,0.0,-72.71593509705268,0.0,38.0
77,2015-06-22,50.94339622641509,13.736903376018617,86.10026594093307,0.5,-73.00534758906197,1.0,39.0
78,2015-06-23,50.94339622641509,28.68142444658325,86.29751796894678,1.0,-73.21372770609831,1.0,40.0
79,2015-06-24,50.588235294117645,30.07063572149343,86.1426571772996,0.5,-73.51799051174457,-1.0,39.0
80,2015-06-25,50.53533190578158,30.07063572149343,85.99151095999748,0.5,-73.81759870037212,0.0,39.0
81,2015-06-26,50.4823151125402,30.07063572149343,85.84340393988678,0.5,-74.11322166076887,0.0,39.0
82,2015-06-29,50.42918454935622,30.07063572149343,85.69778353566,0.5,-74.4054292585464,0.0,39.0
83,2015-06-30,50.48923679060666,26.15182097411146,85.5556939527236,0.0,-74.77398477469184,-1.0,38.0
84,2015-07-01,50.37269517457826,26.15182097411146,85.43943883941202,0.0,-75.1218423420713,0.0,38.0
85,2015-07-02,50.255603617774284,26.15182097411146,85.34432101942983,0.0,-75.14172601942238,0.0,38.0
86,2015-07-03,50.13795821836815,26.15182097411146,85.26649734853528,0.0,-75.15388196023932,0.0,38.0
87,2015-07-06,50.0,22.355588897224308,85.04395087000871,0.0,-75.15984487738058,0.0,38.0
88,2015-07-07,50.0,22.355588897224308,84.67855288837431,0.0,-75.16088775697382,0.0,38.0
89,2015-07-28,50.66666666666667,13.644524236983841,83.65902758569719,0.0,-73.09867094995136,-1.0,37.0
90,2015-07-29,50.616016427104725,13.644524236983841,83.37583662236935,0.0,-72.86383225363377,0.0,37.0
91,2015-07-30,50.56526207605345,13.644524236983841,83.119692991874,0.0,-72.76115469642296,0.0,37.0
92,2015-07-31,50.514403292181065,13.644524236983841,82.88567899733246,0.0,-72.64724442067109,0.0,37.0
93,2015-08-03,50.46343975283213,13.644524236983841,82.66977106857132,0.0,-72.52428531205368,0.0,37.0
94,2015-08-04,50.41237113402062,13.644524236983841,82.46867719363053,0.0,-72.3940915127138,0.0,37.0
95,2015-08-07,52.027809965237545,1.5046766978446442,80.34846073937703,0.16666666666666666,-72.80374946462582,-5.0,32.0
96,2015-08-10,51.804423748544814,15.539127031554955,79.40069944517927,0.5,-72.94733331986416,2.0,34.0
97,2015-08-11,51.57894736842105,15.539127031554955,78.68636321935809,0.5,-73.0500286434353,0.0,34.0
98,2015-08-12,51.35135135135135,15.539127031554955,78.02858050764112,0.5,-73.11949594808343,0.0,34.0
99,2015-08-13,51.12160566706021,15.539127031554955,77.41706885291853,0.5,-73.00668391813909,0.0,34.0
100,2015-08-14,50.889679715302485,15.539127031554955,76.84341533573678,0.5,-72.87551762371896,0.0,34.0
101,2015-08-17,52.67349260523322,8.549063887420871,76.30073665836119,0.5,-72.7299083237069,0.0,34.0
102,2015-08-18,52.53850541928123,9.150397526120244,75.94152543901981,0.6103894079944976,-72.5334460455925,0.5,34.5
103,2015-08-19,52.56556442417331,10.419524919655174,76.53526696110242,1.0,-72.09968453027152,3.0,37.5
104,2015-08-20,52.592592592592595,10.419524919655174,77.03327644578353,1.0,-71.72156468247086,0.0,37.5
105,2015-08-21,52.61958997722096,10.419524919655174,78.24732254792764,1.0,-71.38980984691054,0.0,37.5
106,2015-08-24,51.955990220048896,16.44015715709095,77.79232323766283,0.0,-71.4137351468979,-4.0,33.5
107,2015-08-25,51.74953959484347,16.44015715709095,77.40783010810534,0.0,-70.61979549444857,0.0,33.5
108,2015-08-26,51.54130702836005,15.513226869840267,77.08102385367201,0.0,-70.11939984956477,0.0,33.5
109,2015-08-27,50.9848058525605,29.207127169700044,77.2757891734642,0.375,-69.48015019728388,1.5,35.0
110,2015-08-28,51.03991006183249,9.699898842306396,77.45958455015769,0.375,-68.85231661111477,0.0,35.0
111,2015-08-31,51.0948905109489,9.699898842306396,77.63440451886136,0.375,-68.23442462349084,0.0,35.0
112,2015-09-01,51.14974761637689,9.699898842306396,77.72244468894868,0.6,-67.62520573020939,0.0,35.0
113,2015-09-02,51.20448179271709,9.699898842306396,77.330080824068,1.0,-67.16878395954039,0.0,35.0
114,2015-09-03,51.25909345271405,9.699898842306396,76.94795101064321,1.0,-66.7959741831998,0.0,35.0
115,2015-09-04,51.42219743446738,11.898234455532403,77.20669214118092,1.0,-66.73444688246961,2.0,37.0
116,2015-09-07,51.55728587319244,9.851885098743267,78.04165872709498,1.0,-66.70285268374512,0.0,37.0
117,2015-09-08,51.53032832498609,5.102763997165141,78.81035997277422,1.0,-66.69583795790281,0.0,37.0
118,2015-09-09,51.50334075723831,5.102763997165141,79.52484412189771,1.0,-66.08720092311434,0.0,37.0
119,2015-09-10,51.47632311977716,5.102763997165141,79.95665997941998,1.0,-65.50768737869609,0.0,37.0
120,2015-09-23,50.05192107995846,9.509011808576759,82.58792626267189,0.0,-66.44281697990687,-2.0,37.0
121,2015-09-24,50.155440414507765,11.54313487241798,82.51170196105315,0.0,-66.88112403482612,0.0,37.0
122,2015-09-28,50.155440414507765,13.487819370172318,82.44933662336507,0.0,-66.87180406354668,0.0,37.0
123,2015-09-29,50.155440414507765,15.348837209302332,82.39831043798392,0.0,-66.85431946464912,0.0,37.0
124,2015-09-30,50.155440414507765,20.567375886524815,82.3565617408539,0.0,-66.82986695199938,0.0,37.0
125,2015-10-01,50.25853154084799,22.222222222222214,82.95490134506434,1.0,-67.22177459831863,2.0,39.0
126,2015-10-05,50.36119711042312,23.80952380952381,83.49333579678172,1.0,-67.6419918972834,0.0,39.0
127,2015-10-06,50.46343975283213,23.80952380952381,83.98275694191385,1.0,-68.08500424908173,0.0,39.0
128,2015-10-07,50.56526207605345,23.80952380952381,84.27320372477251,1.0,-68.32840626171021,0.0,39.0
129,2015-10-08,50.66666666666667,23.80952380952381,84.37641136890758,1.0,-68.58733961945117,0.0,39.0
130,2015-10-09,50.76765609007165,23.80952380952381,84.77859911878919,1.0,-69.01401519666601,0.0,39.0
131,2015-11-02,50.43988269794721,32.1285140562249,88.0787789751848,0.0,-72.36241924240895,-1.0,39.0
132,2015-11-03,50.48828124999999,35.578144853875486,88.11183682642447,1.0,-72.649930977747,1.0,40.0
133,2015-11-04,50.53658536585367,35.578144853875486,88.13888415925693,1.0,-72.94040917909928,0.0,40.0
134,2015-11-05,50.58479532163743,35.578144853875486,88.16101379521076,1.0,-73.38842020416712,0.0,40.0
135,2015-11-06,50.63291139240506,35.578144853875486,88.17911986099116,1.0,-73.83464189622997,0.0,40.0
136,2015-11-09,50.63291139240506,32.1285140562249,88.1939339148115,1.0,-74.27899882425044,0.0,40.0
137,2015-11-10,50.63291139240506,28.288543140028295,88.20605450430085,1.0,-74.43101972215837,0.0,40.0
138,2015-12-03,50.63291139240506,19.138755980861234,88.0787789751848,0.0,-75.85861772167945,-1.0,39.0
139,2015-12-04,50.58479532163743,19.138755980861234,87.79558801185698,0.0,-75.92089115389071,0.0,39.0
140,2015-12-07,50.53658536585367,19.138755980861234,87.53944438136162,0.0,-75.96813060105079,0.0,39.0
141,2015-12-08,50.48828124999999,19.138755980861234,87.30543038682006,0.0,-76.00304731185047,0.0,39.0
142,2015-12-09,50.48828124999999,64.47091800981079,87.40577127262641,1.0,-75.94862803045623,1.0,40.0
143,2015-12-10,50.48828124999999,64.47091800981079,87.48786836101344,1.0,-75.90422121435137,0.0,40.0
144,2015-12-11,50.79872204472844,66.57018813314038,86.92254107692239,0.0,-76.17193745933069,-2.0,38.0
145,2015-12-14,50.69370330843117,66.57018813314038,86.41111670530269,0.0,-76.26428518410613,0.0,38.0
146,2015-12-15,50.588235294117645,66.57018813314038,85.9437947166141,0.0,-76.33257375311598,0.0,38.0
147,2015-12-16,50.4823151125402,66.57018813314038,85.51255649577821,0.0,-76.38122307517095,0.0,38.0
148,2015-12-17,50.37593984962406,66.48936170212767,85.26971392370739,0.0,-76.41391985087128,0.0,38.0
149,2015-12-18,50.26910656620021,66.48936170212767,85.04658261333135,0.0,-76.43373431625845,0.0,38.0
150,2015-12-21,50.16181229773463,65.48804780876495,84.83957869888746,0.0,-76.28778692509971,0.0,38.0
151,2015-12-22,50.05405405405406,65.48804780876495,84.6457699265699,0.0,-76.13681518820391,0.0,38.0
152,2015-12-23,50.35175879396984,63.959143968871594,84.3038846136519,0.0,-75.98208108102295,0.0,38.0
153,2015-12-24,50.30181086519115,63.959143968871594,83.97527640026469,0.0,-75.8246162067771,0.0,38.0
154,2015-12-28,50.25176233635449,63.959143968871594,83.97527640026469,0.0,-75.82069173023626,0.0,38.0
155,2016-01-18,50.08566089108857,2.6851792582644407,84.85647353920726,0.033332666666666455,-71.9426960899396,-2.9000020000000006,38.099998
156,2016-01-19,50.09069044995902,2.6851792582644407,84.80365007066078,0.033332666666666455,-71.9814269417123,0.0,38.099998
157,2016-01-20,50.43392410335278,2.939911237396828,84.44662619899407,0.0,-72.0928159575459,-1.0,37.099998
158,2016-01-21,50.38487025596698,2.939911237396828,84.13251796975119,0.0,-72.18047153719395,0.0,37.099998
159,2016-01-22,50.33571921857081,2.939911237396828,83.85352253885507,0.0,-72.24852855165693,0.0,37.099998
160,2016-01-25,50.28647070203511,2.939911237396828,83.60325576115179,0.0,-72.30044991770419,0.0,37.099998
161,2016-01-27,50.23712441608275,2.939911237396828,83.3764942451517,0.0,-72.3391326287973,0.0,37.099998
162,2016-01-28,50.18768006928293,2.939911237396828,83.16896430690876,0.0,-72.36699727702144,0.0,37.099998
163,2016-02-04,49.961184649320316,5.4814610674290805,82.1128840135685,1.0,-72.8445781963266,0.40000200000000063,37.5
164,2016-02-05,49.76619927601066,2.6957085716993845,82.22616096528154,1.0,-72.82255947617185,0.0,37.5
165,2016-02-08,50.13956405088386,4.959275083304959,82.48674333705071,1.0,-72.61028056477107,0.5,38.0
166,2016-02-09,50.134409021830024,4.959275083304959,82.72194488455922,1.0,-72.414396588487,0.0,38.0
167,2016-02-12,50.260752782609934,13.551108635312588,83.01693221898184,0.0,-71.97551108294208,-0.9500010000000003,37.049999
168,2016-02-15,50.25818445390148,13.551108635312588,82.92007039201496,0.0,-71.88021577270813,0.0,37.049999
169,2016-02-16,50.25561585994362,13.551108635312588,82.83959773409536,0.0,-71.77728499011475,0.0,37.049999
170,2016-02-17,50.25304700069524,13.551108635312588,82.77253439630537,0.0,-71.66815803077768,0.0,37.049999
171,2016-02-18,50.250477876115255,13.551108635312588,82.65289297630385,0.0,-71.55403315965773,0.0,37.049999
172,2016-02-19,50.24790848616258,23.699010147303213,82.54400564736304,0.0,-71.43590614459367,0.0,37.049999
173,2016-03-01,50.07023627711864,10.008103565727751,81.8600801559028,0.0,-71.13202891674568,-0.04999899999999968,37.0
174,2016-03-02,50.01406283426796,10.008103565727751,81.84592089092739,0.0,-71.11932418505802,0.0,37.0
175,2016-03-03,50.02856937334607,7.1518191432329274,81.83311396554625,0.0,-71.10653876085804,0.0,37.0
176,2016-03-04,50.02597350676337,7.1518191432329274,81.82141349983317,0.0,-71.09375850077986,0.0,37.0
177,2016-03-08,50.02597350676337,16.14365382197927,81.8264304437826,1.0,-71.07708679766597,0.04999899999999968,37.049999
178,2016-03-09,50.02597350676337,16.14365382197927,81.83053521610486,1.0,-71.06144836265399,0.0,37.049999
179,2016-03-10,50.02597350676337,16.14365382197927,81.83389366618673,1.0,-71.04672064746015,0.0,37.049999
180,2016-03-11,50.02597350676337,10.353182201757875,81.83664148898096,1.0,-71.03279725989819,0.0,37.049999
181,2016-03-14,50.02597350676337,10.353182201757875,81.8388897076308,1.0,-70.96149870399618,0.0,37.049999
182,2016-03-15,50.02597350676337,10.353182201757875,81.84072915925339,1.0,-70.89112809414745,0.0,37.049999
183,2016-03-16,50.02597350676337,10.353182201757875,81.85017763455267,1.0,-70.74898475327454,0.0,37.049999
184,2016-04-06,50.03376029755247,18.770581366734348,81.8600801559028,0.0,-70.30464426770267,-0.04999899999999968,37.0
185,2016-04-07,50.031164970261784,18.770581366734348,81.84592089092739,0.0,-70.3079095644145,0.0,37.0
186,2016-04-08,50.02856937334607,18.770581366734348,81.83311396554625,0.0,-70.31041194080585,0.0,37.0
187,2016-04-11,50.02597350676337,18.770581366734348,81.82141349983317,0.0,-70.31954847915107,0.0,37.0
188,2016-04-12,50.0233773704716,18.770581366734348,81.81061831930305,0.0,-70.32813539732811,0.0,37.0
189,2016-04-13,50.02078096442878,18.770581366734348,81.80056382664988,0.0,-70.33627059970952,0.0,37.0
190,2016-04-27,50.00519686104396,18.770581366734348,81.78121283000044,1.0,-70.33119165659528,0.04999899999999968,37.049999
191,2016-04-28,50.054514251653096,28.010177032149258,82.09580878506381,1.0,-70.24470106845696,0.9500010000000003,38.0
192,2016-05-19,50.66666666666667,0.0,83.65902758569719,0.0,-70.55385839066835,-1.0,37.0
193,2016-05-20,50.616016427104725,0.0,83.37583662236935,0.0,-70.77342112051298,0.0,37.0
194,2016-05-23,50.56526207605345,0.0,83.119692991874,0.0,-70.9763137516898,0.0,37.0
195,2016-05-24,50.514403292181065,0.0,82.88567899733246,0.0,-71.16536872649075,0.0,37.0
196,2016-05-25,50.46343975283213,0.0,82.66977106857132,0.0,-71.3429628889493,0.0,37.0
197,2016-05-26,50.41237113402062,0.0,82.46867719363053,0.0,-71.51108904635504,0.0,37.0
198,2016-08-05,48.01617288483715,63.76213031199059,94.50317080786124,0.5128205785667409,-75.77555546747031,-1.0499989999999997,45.0
199,2016-08-08,48.22550677365164,63.76213031199059,95.47795811235615,0.5128205785667409,-75.6703117069478,0.0,45.0
200,2016-08-09,48.43316148932685,63.76213031199059,96.29934238081542,0.5128205785667409,-75.60117460583182,0.0,45.0
201,2016-08-10,48.65268142600956,64.75124968855646,97.16402611603942,0.5512819937541017,-75.53735642436509,0.2999989999999997,45.299999
202,2016-08-11,48.979591747740436,68.38919962108531,98.75140482705122,0.8636365112160376,-75.39353190758884,2.4500010000000003,47.75
203,2016-08-12,49.357226202719716,69.20458289213363,100.61046329446255,1.0,-75.21634357406312,1.25,49.0
204,2016-08-16,50.125751140716154,75.19539772090727,105.42628466376529,1.0,-74.33823514174938,9.799999,58.799999
205,2016-08-17,50.871299394798655,74.3019046468148,109.80156853474153,1.0,-73.69989921667192,0.0,58.799999
206,2016-08-18,51.594886193843294,74.3019046468148,113.01410633505121,1.0,-73.25764139215701,0.0,58.799999
207,2016-08-19,52.29746782409775,74.3019046468148,115.95418100213253,1.0,-72.97499365043413,0.0,58.799999
208,2016-08-22,52.97994584562919,74.3019046468148,118.83814732288425,1.0,-73.6064957432724,0.0,58.799999
209,2016-08-23,53.64317095193038,74.3019046468148,121.53505478486476,1.0,-74.32583306976892,0.0,58.799999
210,2016-08-24,54.10684834624745,57.302386468956065,124.07891408966879,1.0,-74.95128641853395,0.0,58.799999
211,2016-09-01,51.69024175105859,28.165736939641988,128.5017568510269,0.21551727853746183,-83.01406868372109,-4.549999,54.25
212,2016-09-02,51.86335364300064,26.312648931915575,127.21323825107628,0.21551727853746183,-86.11708015796953,0.0,54.25
213,2016-09-06,51.90274805355673,3.984450923226447,127.86621567222907,1.0,-88.66524095071614,5.75,60.0
214,2016-09-07,52.331868552428986,19.701678060907398,132.22478604502396,1.0,-90.28221161030592,12.0,72.0
215,2016-09-08,49.998252594419284,24.895789282909448,133.89978091837853,0.631578947368421,-92.68625406992257,-7.0,65.0
216,2016-09-09,50.41923598822783,31.89960216023664,137.30345077768538,0.9447366842105261,-94.67961479594277,5.949996999999996,70.949997
217,2016-09-12,50.83318973429408,31.89960216023664,140.38524101148968,0.9447366842105261,-96.09498955087122,0.0,70.949997
218,2016-09-14,51.24028844800621,31.89960216023664,143.20367518806466,0.9408449014084505,-97.63883721778993,0.0,70.949997
219,2016-09-15,51.77271456242788,37.962214313726385,147.0874448746513,1.0,-99.11686145559182,4.050003000000004,75.0
220,2016-09-16,50.54814487460421,30.70628397863352,149.07978988810646,0.4,-101.14560178777123,-5.0,70.0
221,2016-09-19,50.93972738675077,30.70628397863352,151.70651004656702,0.4,-103.20709642541183,0.0,70.0
222,2016-09-20,51.63051649193327,33.26007334616084,157.08684450110607,1.0,-104.5350202070768,9.0,79.0
223,2016-09-21,52.334886162416645,37.89567351693973,161.49660573512188,1.0,-104.90050078157842,1.0,80.0
224,2016-09-22,53.01903583383486,37.89567351693973,163.6869600721421,1.0,-105.26359099726687,0.0,80.0
225,2016-09-23,51.58687440337209,33.994041854389735,166.78671159372013,1.0,-105.24251581977396,0.0,80.0
226,2016-09-26,52.32068727132248,35.9882172195953,168.74420963702164,1.0,-107.19178123337605,0.0,80.0
227,2016-09-27,52.87546881687129,34.55261523701685,170.5669985142089,1.0,-108.09815662139519,0.0,80.0
228,2016-09-28,53.09378323412227,26.449317181279383,172.2795708009391,1.0,-109.98468446280316,0.0,80.0
229,2016-09-30,52.43218739146787,17.899974483286556,171.8135837104346,0.0,-114.6117140387737,-10.0,70.0
230,2016-10-03,52.40658367501615,17.899974483286556,170.63135369385782,0.0,-117.78548833882328,0.0,70.0
231,2016-10-04,52.38095238095238,20.042246520874755,168.23422149559772,0.0,-120.0232387552928,0.0,70.0
232,2016-10-05,52.24559408754975,15.351223362273075,165.89408155018234,0.0,-122.14303836625879,0.0,70.0
233,2016-10-06,52.0800421274355,17.609778180172015,163.73500226257102,0.0,-125.56241191889177,0.0,70.0
234,2016-10-07,52.0800421274355,20.140412461605962,161.72406351316297,0.0,-129.02494439281992,0.0,70.0
235,2016-10-13,52.08333333333333,14.945652173913047,157.41126863445763,0.0,-136.4914331881984,-2.0,68.0
236,2016-10-14,51.94428322692978,22.652388797364083,157.34920184518438,1.0,-139.92916595949248,7.0,75.0
237,2016-10-17,51.899808957758445,26.54867256637168,154.96246855857993,0.0,-143.12279192125442,-7.0,68.0
238,2016-10-18,51.56049593843523,29.541595925297116,154.6213580542372,0.14285714285714285,-144.39975510937114,1.0,69.0
239,2016-10-19,51.21636167922497,29.541595925297116,154.31782570836592,0.14285714285714285,-146.64149104179236,0.0,69.0
240,2016-10-20,50.86730268863833,29.541595925297116,154.0450391285168,0.14285714285714285,-146.4174381503269,0.0,69.0
241,2016-10-21,50.612833453496755,33.048433048433054,153.48115936084565,0.0,-146.26984210055005,-1.0,68.0
242,2016-10-24,50.724637681159415,36.17463617463618,152.97091932084226,0.0,-146.1029702700596,0.0,68.0
243,2016-10-25,50.65963060686015,36.17463617463618,152.5045663307488,0.0,-145.33329491533055,0.0,68.0
244,2016-10-26,50.59445178335536,32.13424437299035,152.07412092694528,0.0,-145.28180369236077,0.0,68.0
245,2016-10-27,50.52910052910053,32.13424437299035,151.99079958933194,0.0,-145.22156041326838,0.0,68.0
246,2016-10-28,50.46357615894039,32.13424437299035,150.81051962399496,0.0,-143.84818499603202,0.0,68.0
247,2016-11-02,50.46357615894039,32.256770310932794,151.87178926400148,1.0,-140.97622551167225,4.0,72.0
248,2016-11-03,50.54545454545455,30.454545454545453,152.8336104608538,1.0,-138.90426057082115,0.0,72.0
249,2016-11-04,50.45537340619308,20.519480519480524,153.69388087614166,1.0,-137.0614403124632,0.0,72.0
250,2016-11-07,50.531617235590375,19.244823386114504,154.62993685430777,1.0,-135.27748946149555,0.0,72.0
251,2016-11-08,50.6145251396648,7.531380753138066,155.49356856935233,1.0,-133.543059816178,0.0,72.0
252,2016-11-09,50.697155605131066,7.531380753138066,156.29794406911554,1.0,-131.6948311338277,0.0,72.0
253,2016-11-22,53.37080214665869,10.216162685605084,158.70431111336066,0.2341137593539317,-131.090207429821,-11.449996999999996,63.5
254,2016-11-23,53.145840780039485,8.121999867240632,156.09870317495148,0.2341137593539317,-131.33570815665777,0.0,63.5
255,2016-11-24,52.91869824978942,8.121999867240632,153.75908570200414,0.2341137593539317,-132.4488408434056,0.0,63.5
256,2016-11-25,52.689342679430375,8.121999867240632,151.63709679170745,0.2341137593539317,-133.28914490299,0.0,63.5
257,2016-11-28,52.45774156830114,8.121999867240632,149.69316761448843,0.2341137593539317,-134.0250941296328,0.0,63.5
258,2016-11-29,52.22386177620439,8.121999867240632,147.89492367342393,0.2341137593539317,-134.6754713976698,0.0,63.5
259,2016-11-30,51.987669507598234,8.121999867240632,146.2158767437586,1.0,-135.40118452257778,0.0,63.5
260,2016-12-09,50.13591060102688,1.1846001974333689,141.7502262817855,1.0,-137.12169821215363,4.5,68.0
261,2016-12-22,54.32873274780427,4.461942257217856,146.476561467769,0.0,-125.32164964442163,-12.0,56.0
262,2016-12-23,54.1128269776237,4.461942257217856,143.07826990783508,0.0,-124.38865914229089,0.0,56.0
263,2016-12-26,53.925508657273824,14.105362414141183,140.33660728093773,0.08749991666666664,-123.2123679934906,1.0499989999999997,57.049999
264,2016-12-27,54.10105996645128,15.10137048607858,137.3356042284117,0.0,-122.7468615085379,-1.5499989999999997,55.5
265,2016-12-28,53.8954549835605,25.736174207877553,135.0490871510387,0.15384615384615385,-123.6922498605611,1.5,57.0
266,2016-12-29,53.56746248859485,31.862190059378023,133.14662579679683,0.21153846153846154,-124.48886014267839,0.75,57.75
267,2016-12-30,53.156430228730216,27.39940306209263,131.30791244242522,0.8688533996240657,-125.23417022378459,-0.09999799999999937,57.650002
268,2017-01-02,52.909242395589224,40.98578131321891,130.62578166779616,0.7088234705882352,-125.66018651508634,3.399996999999999,61.049999
269,2017-01-03,52.328943512877885,34.60840319309729,129.56574227095476,0.5789473684210527,-126.19123333303233,-1.0499989999999997,60.0
270,2017-01-04,52.12977053509426,36.94826405130134,129.45164828778798,0.7368421052631579,-126.48421787361161,3.0,63.0
271,2017-01-05,52.04963455510774,39.22858021439961,132.09130623448124,0.8947368421052632,-126.59457381054563,3.0,66.0
272,2017-01-06,51.96922982589643,42.40735352654905,134.49544570495627,0.8947368421052632,-126.80566386873784,0.0,66.0
273,2017-01-09,51.8905752880742,45.2673710496458,136.55588559441583,0.8973685789473687,-125.23104740952846,0.050003000000003794,66.050003
274,2017-01-10,51.86025485921596,47.885370302727765,139.08742749336574,0.9605263157894737,-123.66940538994115,1.1999969999999962,67.25
275,2017-01-11,51.94949329597807,47.27919978385242,141.84007054264129,0.75,-122.22414177734026,2.0,69.25
276,2017-01-12,52.524396222912145,49.34551532686258,145.14217653511395,0.7993311171015975,-120.44552975277594,2.75,72.0
277,2017-01-13,53.282478104487566,54.403617981544855,150.34276360553426,0.7488038517891051,-118.52344386642352,6.75,78.75
278,2017-01-16,53.22067558310837,47.797113448170855,154.65241008857214,0.7222222222222222,-116.29299469497698,0.25,79.0
279,2017-01-17,53.90793303642765,48.429227460838824,158.94215765234065,0.75,-114.21661966438944,0.5,79.5
280,2017-01-18,54.59720175953637,48.502522182600735,162.92632433545705,0.8324022533628768,-112.73051254632617,1.5,81.0
281,2017-01-19,54.38863229707194,41.77904463445628,166.22849637998976,0.8135593220338984,-111.22518141701437,0.25,81.25
282,2017-01-20,55.25085346619285,40.70963823263387,173.33518537478432,1.0,-109.31605130061467,12.75,94.0
283,2017-01-23,44.56501573698036,51.01527019390554,179.2411194487894,0.9151377181003141,-108.35571070815365,-1.8499979999999994,92.150002
284,2017-01-24,44.97888616729385,48.45917140650661,184.2675348411041,0.8262293770491803,-107.6891065855283,-0.8000040000000013,91.349998
285,2017-01-25,45.67255517910031,50.03812078370206,188.71461327982033,0.8338985084745766,-107.18570360289857,0.20000500000000443,91.550003
286,2017-01-27,46.36071339853636,51.10907265705988,192.60359864807114,0.8620689655172413,-106.97352411451112,0.4499969999999962,92.0
287,2017-01-30,46.75842413368901,53.24887263300461,195.04382020446727,0.8076923076923077,-108.97006433096598,-0.5,91.5
288,2017-01-31,47.29579386947137,51.475078568119805,196.7588461959047,0.6666666666666666,-111.59907570165126,-1.75,89.75
289,2017-02-01,48.09233107711567,49.98910400399548,200.25867005589146,0.8400004000000005,-114.65353174098468,6.050003000000004,95.800003
290,2017-02-02,48.908125931743136,51.29742714106798,204.6263145028471,1.0,-117.72552596771538,4.25,100.050003
291,2017-02-03,48.753760489419946,40.16681396466316,208.2936803333954,0.8333331871345285,-120.8845930170489,-1.0500030000000038,99.0
292,2017-02-06,49.62129249798997,42.54477425386265,212.24827538116813,0.9093264389648023,-123.6225869235642,8.050003000000004,107.050003
293,2017-02-07,50.465820433426394,44.989175228896926,216.31810760022987,0.9358974358974359,-126.57108833171185,0.6999969999999962,107.75
294,2017-02-08,51.30523595182819,45.61921927585511,220.88373634489943,0.9133334666666668,-131.0060540835453,2.300003000000004,110.050003
295,2017-02-09,51.148560233349805,46.112091215770526,224.41204210922055,0.8200456701656954,-135.61068336631516,-2.0,108.050003
296,2017-02-10,50.88511613925091,47.73654161460396,227.59901067580086,0.81548958753844,-139.7451801813494,-0.10000600000000759,107.949997
297,2017-02-13,50.43506344709004,47.42994010549643,229.5847579952178,0.6583143040976269,-143.81199174183934,-3.449996999999996,104.5
298,2017-02-14,50.08890522664753,47.899308864110075,230.69836161889353,0.08333333333333333,-148.21066430942113,-3.5,101.0
299,2017-02-15,50.42212765900206,47.35200002220667,230.92328410447655,0.08333333333333333,-152.4403730194555,0.0,101.0
300,2017-02-16,50.89591845294172,48.171383140443645,229.6104547230338,0.0,-156.38842009399355,-3.0,98.0
301,2017-02-17,50.57571579997507,45.86105975098749,230.25008968952616,0.4404764984883334,-160.47249256323414,5.050003000000004,103.050003
302,2017-02-20,50.12348213183677,44.956606081434174,229.8939280846439,0.6161135688776579,-164.7185537213212,0.9499969999999962,104.0
303,2017-02-21,50.441201927358414,47.53472676016722,230.17576263341988,0.7120001600000001,-167.6126180790767,2.4000020000000006,106.400002
304,2017-02-22,50.794566642888554,47.05127386851347,231.77894332670792,0.8285714285714286,-171.31035336845173,5.599997999999999,112.0
305,2017-02-23,50.8269137543207,53.073252090597265,234.4838520969807,0.7888888888888889,-174.88647740774002,3.25,115.25
306,2017-02-27,50.46482066520097,52.707251622401905,236.25633169926618,0.7,-178.89625303896872,-2.0,113.25
307,2017-02-28,50.301104314212886,50.93582934256014,237.3563858310407,0.5555555555555556,-182.8813060570527,-3.25,110.0
308,2017-03-01,50.15240341853018,51.854397046006696,238.2037306526053,0.45111120000000005,-185.1821828275563,-2.3499979999999994,107.650002
309,2017-03-02,50.26297296502502,53.12971354999403,239.32836254406908,0.4888888888888889,-187.10838306958777,0.8499979999999994,108.5
310,2017-03-03,50.38371679089139,54.3123095481251,240.98751031058717,0.1346153846153846,-188.57662632389616,0.25,108.75
311,2017-03-06,50.36992889636152,51.982974615989185,240.57206768491125,0.3687499166666666,-190.32926795339756,-3.9000020000000006,104.849998
312,2017-03-07,50.25597525945891,50.86168970074164,239.824791869781,0.32916675,-191.55628837373484,-0.9499959999999987,103.900002
313,2017-03-08,50.54853462753497,52.421879703088294,238.81383205842337,0.32708325,-193.57854831549184,-0.05000400000000127,103.849998
314,2017-03-09,50.3956117665127,53.26369558926192,236.62354816494422,0.46619228479880054,-196.03241032013796,-1.2999949999999956,102.550003
315,2017-03-10,50.81914737592988,54.05711821898172,232.96150143108787,0.2135230860804798,-198.1724224110464,-3.550003000000004,99.0
316,2017-03-14,50.69480234126288,54.004493286499205,230.4392805186193,0.3392857142857143,-200.2839163665866,1.75,100.75
317,2017-03-15,50.94736282457599,52.15336277948937,228.31764604079913,0.32365153768011506,-203.0190170391054,-0.8499979999999994,99.900002
318,2017-03-16,50.91129138702968,53.50547851720479,226.5501256145244,0.32000026666666676,-204.2032916255319,-0.5,99.400002
319,2017-03-17,50.0603711458965,50.9953860023142,225.1942204931911,0.5357142857142857,-204.5853789815518,1.3499979999999994,100.75
320,2017-03-20,50.136026449990105,49.99986975900599,224.04544910797495,0.6258992629780994,-204.18382267370103,0.5999979999999994,101.349998
321,2017-03-21,50.35370912094682,50.73784318198081,224.5404626160173,0.35714285714285715,-203.94583600740526,3.1500020000000006,104.5
322,2017-03-22,50.54415624340431,50.862997437717134,225.10366073196855,0.29210542105263176,-203.804041444489,0.050003000000003794,104.550003
323,2017-03-23,50.3126042926114,51.84056433998413,225.35110412437714,0.25263173684210544,-203.65605351563715,-0.75,103.800003
324,2017-03-24,50.01818490683367,49.99409566590577,225.6639937829133,0.23684210526315788,-203.92203631629116,-0.3000030000000038,103.5
325,2017-03-27,50.32370642928053,54.41827526267004,227.93033192725247,0.6296296296296297,-203.84353862452775,4.5,108.0
326,2017-03-28,50.50204674004663,50.88102805791718,226.59569510267247,0.26296288888888886,-204.88236762765337,-9.900002,98.099998
327,2017-03-29,50.89386485806362,41.621041440676066,223.4076859630345,0.044642857142857144,-205.08269941189025,-6.849997999999999,91.25
328,2017-03-30,50.85914276379821,39.28304154758697,223.2289431259739,0.3387680680266716,-204.58615243035783,8.099998,99.349998
329,2017-03-31,50.75454709470084,37.392412269019054,222.97768591465834,0.3514491921339993,-203.56929917593368,0.34999899999999684,99.699997
330,2017-04-03,50.91425714370437,40.63305755790364,224.6434929881394,0.5797101869355208,-201.16435850377295,6.300003000000004,106.0
331,2017-04-05,51.031320603635095,37.62361215972468,225.71450777919617,0.590579861636222,-198.59714777801048,0.3000030000000038,106.300003
332,2017-04-06,50.69601462417872,37.48674513755342,226.56359271230315,0.5833333031400945,-196.53653309356864,-0.20000500000000443,106.099998
333,2017-04-07,50.88999839501384,38.284049367444595,228.01621124561402,0.6521739603024609,-195.36941765078404,1.9000020000000006,108.0
334,2017-04-10,50.67248272250347,41.34905581187261,229.3234113620027,0.8871796923076923,-194.65027115286546,-0.09999799999999937,107.900002
335,2017-04-11,50.77388154775082,41.34951214605249,229.78555673814628,0.8842107368421054,-193.76250917308403,0.0,107.900002
336,2017-04-12,50.88375455881944,40.70821293064751,231.84475671133802,0.918918918918919,-192.82564618628498,0.34999799999999937,108.25
337,2017-04-13,50.71447201520921,40.630879473380446,234.77104352662025,0.7799987999999984,-193.2363042752325,-0.3000030000000038,107.949997
338,2017-04-17,50.83102287648309,37.66372944003383,236.28659093857283,0.7799987999999984,-192.27080253789006,0.0,107.949997
339,2017-04-18,50.846778829119415,35.81686921966855,237.88674168343488,1.0,-190.2463966185224,0.6500010000000032,108.599998
340,2017-04-19,50.38661236916447,39.37136816629703,238.0963427025578,0.09090743801352313,-189.82345011356858,-1.0,107.599998
341,2017-04-20,49.78663990136334,54.68667897208336,237.08915989444102,0.0,-190.27998002024572,-3.6999959999999987,103.900002
342,2017-04-21,50.10478890438982,55.52382274542584,236.08009146934182,0.07142895408176944,-191.44268400277747,-0.5,103.400002
343,2017-04-24,50.24512201429334,55.63045062131996,235.234511779105,0.26785723852044235,-192.61105649314067,1.0999979999999994,104.5
344,2017-04-25,50.356819814625815,49.33905589403099,234.31488961600311,0.46511638723636917,-193.81422926335858,-0.5,104.0
345,2017-04-26,50.48463908889031,50.18720317219448,233.1192748305597,0.33720961330456134,-195.15580437665028,-1.0999979999999994,102.900002
346,2017-04-27,50.37171574662764,49.342978284612265,232.15297846132114,0.44303786252206007,-196.2815611675012,0.5999979999999994,103.5
347,2017-04-28,50.494044596738796,48.01760976726007,230.15544030467137,0.0,-197.19217901374435,-3.5999979999999994,99.900002
348,2017-05-02,50.384196722426225,47.20498989462599,228.43501991610822,0.06603742079001955,-198.0230287692138,0.34999799999999937,100.25
349,2017-05-03,50.58178411681624,45.814584653744944,225.07562681879668,0.0,-199.25591094074952,-5.25,95.0
350,2017-05-04,50.68110216023952,46.32695225561672,222.02699463109735,0.009345610096899971,-200.40617116748672,-0.40000200000000063,94.599998
351,2017-05-05,50.581713752949945,46.962294870637635,220.87798853349474,0.35,-200.59730768974686,3.4000020000000006,98.0
352,2017-05-08,50.17910854999357,53.14178758022654,219.87312146352048,0.5673759670036833,-202.02153585505988,0.0,98.0
353,2017-05-09,49.813390271563186,52.87156728769315,219.28183354005677,0.687943147225978,-203.68723326150317,1.6999969999999962,99.699997
354,2017-05-10,50.12657146102016,53.11143107830008,218.0644209986383,0.5357142857142857,-204.27584251302312,-2.199996999999996,97.5
355,2017-05-11,50.3742933878266,51.04402160915275,216.60986990902447,0.42857142857142855,-205.07351409844094,-1.5,96.0
356,2017-05-12,50.3615496279178,49.15827697613468,215.15581004389395,0.42857142857142855,-204.8244180342576,0.0,96.0
357,2017-05-15,50.06514168360245,48.94230291282296,214.43381332390464,0.44642857142857145,-204.30365175284155,0.25,96.25
358,2017-05-16,50.76324655127202,51.35253583689886,210.1404713854287,0.0,-204.7762450017174,-11.25,85.0
359,2017-05-17,50.71155839040351,50.33441748398058,207.87970059821123,0.16835019102359475,-203.9931564364648,2.5,87.5
360,2017-05-18,50.20765055583289,49.95522479046014,206.05252490777434,0.19865302338761234,-203.1207433252543,0.4499969999999962,87.949997
361,2017-05-19,50.60441559520521,49.633130114683574,207.52334520324337,0.9765101373811899,-200.4214196692225,11.600006000000008,99.550003
362,2017-05-22,50.66515208077869,49.67961734794644,209.6501237961817,1.0,-197.54238454569693,2.7999949999999956,102.349998
363,2017-05-23,51.012315858366726,49.45711223306229,212.38076365300307,0.9130434782608695,-195.1292506174368,3.6500020000000006,106.0
364,2017-05-24,50.58722416235833,47.44138411633432,213.5371828842068,0.6666666666666666,-193.32109758570832,-5.0,101.0
365,2017-05-25,50.66430917205562,47.57014896746234,214.80719968863326,0.627906976744186,-191.76514265558498,0.0,101.0
366,2017-05-26,50.88904412960535,43.53314414508463,217.80275808617387,0.8954870932797494,-189.61658206189944,5.800003000000004,106.800003
367,2017-05-29,51.107897048823894,39.02804000244453,215.16494327954805,0.04040418579734577,-189.2691622419007,-16.800003000000004,90.0
368,2017-05-30,51.51704733288072,36.74683058004198,219.32176885394693,0.7878789715334894,-187.65408384181663,14.800003000000004,104.800003
369,2017-05-31,51.07108740729674,35.36276210930065,222.14545248847085,0.6818180785124122,-186.21617876444085,-2.1000060000000076,102.699997
370,2017-06-01,51.185845852500876,36.4213061267435,222.00440049420018,0.25,-183.86246434357858,-8.699996999999996,94.0
371,2017-06-02,51.12275347198824,34.005457715929595,220.19394536785737,0.28089882906199504,-181.99250706541844,0.0,94.0
372,2017-06-05,50.376305844929895,29.826856122261304,218.1321687077419,0.28089882906199504,-180.0443303616568,0.0,94.0
373,2017-06-06,50.54089941159012,26.855575791537902,215.66128525416173,0.29761899447279855,-180.3714499781952,0.0,94.0
374,2017-06-07,51.52549762358082,30.292995759877158,210.97822482307777,0.0,-181.79536739484146,-10.0,84.0
375,2017-06-08,51.09129582866908,29.741533032760017,206.7311170600566,0.1550387416621618,-184.29216891979917,0.0,84.0
376,2017-06-09,50.56879741605366,26.231983487806957,201.91923648435125,0.18181818181818182,-185.84297821028443,0.0,84.0
377,2017-06-12,51.085209473586836,22.803184007461738,197.54822281414948,0.24791654166666652,-187.36705300324397,-8.050003000000004,75.949997
378,2017-06-13,51.14337332686436,21.903881349394297,192.24177504710698,0.375,-189.26691867826628,3.050003000000004,79.0
379,2017-06-14,50.481347180787076,16.73799070457153,187.6031673561811,0.375,-188.11353007417742,0.0,79.0
380,2017-06-15,50.109527661813694,20.808473596546065,189.57596542497026,1.0,-188.23126603175322,15.699996999999996,94.699997
381,2017-06-16,50.05361814239345,24.556204945577704,190.03706255057767,0.6,-188.68815813390142,-3.699996999999996,91.0
382,2017-06-19,49.622687755814795,53.540524287017604,190.34099803548418,0.6,-187.86017108463494,0.0,91.0
383,2017-06-20,50.33644321947585,34.96561112733197,190.23172215784513,0.5742856571428572,-187.15203966497543,-0.9000020000000006,90.099998
384,2017-06-21,51.11865981321478,39.98730687643802,194.11826957099578,0.7725805483870967,-187.5109039130118,7.849998999999997,97.949997
385,2017-06-22,50.23744140972617,32.59257997078777,197.6233260356459,0.7269231538461539,-187.6926091340094,-0.04999499999999557,97.900002
386,2017-06-23,50.421670917236874,34.30077687276123,201.46334005659946,0.7571429523809524,-186.24729468766813,2.0,99.900002
387,2017-06-27,50.06880005683971,38.80024247453221,203.69529265880792,0.11666666666666667,-183.95686670842966,-8.150002,91.75
388,2017-06-28,49.7412050599467,37.882146704591705,205.1858699015217,0.07142857142857142,-181.33942264389967,-0.75,91.0
389,2017-06-29,49.91024059456031,41.936231108491256,206.41411173322308,0.00714271428571424,-177.0182316704681,-0.9000020000000006,90.099998
390,2017-06-30,50.459656857934576,43.11549775741051,207.66278548759803,0.5642858571428572,-173.29719342495045,7.800004000000001,97.900002
391,2017-07-03,49.857705352174044,42.985575252900404,207.24741472692858,0.08928571428571429,-170.2489435565968,-6.650002000000001,91.25
392,2017-07-04,50.45633058454229,47.84771031085741,206.72392774980847,0.04642871428571433,-168.8463957141442,-0.5999979999999994,90.650002
393,2017-07-05,51.20315660647194,52.73921194246159,208.12198174789066,0.42857142857142855,-168.8285900888387,5.349997999999999,96.0
394,2017-07-06,51.30247225148832,52.846540122795524,208.4791508954068,0.5833333333333334,-166.6332440289394,1.0,97.0
395,2017-07-07,51.3620885725599,48.39193802670173,209.3886008977509,0.75,-164.51467582208124,2.0,99.0
396,2017-07-10,51.691093610153246,41.0776020173924,210.1580861144949,0.6666666666666666,-164.89607007797608,1.0,100.0
397,2017-07-11,51.501422753853326,47.93110505399992,210.50367673024908,0.3333333333333333,-165.73146208323914,-5.0,95.0
398,2017-07-12,51.394048625941466,39.99956008345424,210.98502339606415,0.3333333333333333,-166.8391978423065,0.0,95.0
399,2017-07-13,51.55000336896027,50.343612307118825,211.65123009526803,0.33779237547673063,-166.63259182310028,0.09999799999999937,95.099998
400,2017-07-14,51.39901860111196,49.88077743913092,211.1109358849446,0.3444812731400544,-167.74728481399237,0.09999899999999684,95.199997
401,2017-07-17,51.42301564684995,49.483199078464196,212.38675974740642,0.4983276585272892,-168.53053160583437,2.300003000000004,97.5
402,2017-07-18,51.39575963144127,51.50629692936444,211.7812080519806,0.0,-171.03749082197763,-6.0,91.5
403,2017-07-19,51.236299887503264,53.7648108675126,211.56343519993058,0.43956053616715085,-173.2964508715935,3.5,95.0
404,2017-07-20,51.22557382792135,56.10970212697513,210.15832087586676,0.08235258823529368,-175.27077266887085,-3.300003000000004,91.699997
405,2017-07-21,51.1773815829717,58.04102023352528,210.17426528385548,0.6823532941176476,-177.60657767059786,5.100006000000008,96.800003
406,2017-07-24,51.1401516688972,58.90869667925246,208.20367070375232,0.023529058823528966,-178.28222340417025,-5.600006000000008,91.199997
407,2017-07-25,51.13756654341985,53.67523515372389,208.6570108011731,0.7538464615384617,-179.35536253897723,4.700005000000004,95.900002
408,2017-07-26,51.31488891283681,50.234014768851935,206.83618151315142,0.1000002222222223,-181.15074998154674,-7.0,88.900002
409,2017-07-27,51.196800919473816,46.079808774299295,207.07892230042987,0.766666888888889,-181.70279109213723,6.0,94.900002
410,2017-07-28,50.929335159060756,44.45015811481769,207.22512844730156,0.8307694615384619,-181.14692915727446,-0.09999899999999684,94.800003
411,2017-07-31,51.05711151403581,42.27605714473136,206.96956765337555,0.8307694615384619,-180.6377564298222,0.0,94.800003
412,2017-08-01,51.05130090793072,38.46139610777521,207.64771470781648,0.8307694615384619,-179.87356770869232,0.0,94.800003
413,2017-08-02,50.962755961371236,33.255209226701126,207.44254252051175,0.7615386153846154,-180.73973545783076,-0.9000010000000032,93.900002
414,2017-08-03,50.9725556683942,31.395736934691413,208.27806570474678,0.6764705882352942,-180.64099701330403,1.5999979999999994,95.5
415,2017-08-04,50.90715086067958,28.41661259679968,208.244303962631,0.6764705882352942,-181.25249264443588,0.0,95.5
416,2017-08-07,50.893571863797796,26.41130279788071,207.90447379011084,0.45882370588235316,-180.52922111886537,-3.699996999999996,91.800003
417,2017-08-08,51.05838601053696,21.39601424964063,209.5034470940028,0.9095240952380956,-180.87344920160362,8.25,100.050003
418,2017-08-09,51.21723608531137,21.47803722134219,208.27768963805744,0.0,-181.47287351251816,-11.850006000000008,88.199997
419,2017-08-10,51.40287113963728,19.30969839764721,205.60870585947265,0.0,-182.08340199181092,-2.199996999999996,86.0
420,2017-08-11,51.10136627339258,18.028588004930313,203.22334570193195,0.0,-181.31339676637964,0.0,86.0
421,2017-08-14,50.90428769061777,13.262264576947572,202.30578017428732,0.2811385164828787,-180.7745714403395,3.949996999999996,89.949997
422,2017-08-16,50.69250729877216,12.992230996201243,201.43650121977484,0.2811385164828787,-180.04990338057723,0.0,89.949997
423,2017-08-17,50.564444279966644,18.570770373221748,200.95527697543037,0.32740192297467824,-179.98127823197245,0.6500010000000032,90.599998
424,2017-08-18,50.80749393598222,18.04201043067347,200.1634452850867,0.7333336666666668,-179.92254512332852,-0.19999599999999873,90.400002
425,2017-08-21,50.69078144715953,22.983529752091997,199.5490535896965,0.7538464615384617,-179.66197281798605,0.5,90.900002
426,2017-08-22,50.71133413718984,26.16776310999049,198.60464245407718,0.3076923076923077,-179.87183194678371,-2.9000020000000006,88.0
427,2017-08-23,51.05728324849498,31.70985755553515,195.95399112327902,0.0,-179.8148662878114,-1.5,86.5
428,2017-08-24,50.77992788398644,33.71889877341896,195.60553984946804,0.6411147931867307,-179.91923027134067,0.8499979999999994,87.349998
429,2017-08-28,50.534002296023104,38.51137246599009,195.96543571701048,0.7108012140489496,-180.68658183345798,1.0,88.349998
430,2017-08-29,50.659225189851696,38.24486240810124,196.31733446647237,0.7108012140489496,-180.0604599958555,0.0,88.349998
431,2017-08-30,50.77977203702677,40.49653642723418,192.79359361101686,0.0,-179.17488851992485,-10.25,78.099998
432,2017-08-31,50.78237009276352,44.39807141345825,191.89788907292893,0.5603117167557761,-178.36602220537083,7.200005000000004,85.300003
433,2017-09-01,50.7565965821475,41.79091317409011,191.51736402076799,0.7003891595633589,-177.33811316126295,1.7999949999999956,87.099998
434,2017-09-04,50.8511488284891,45.23867131496758,191.8638122859141,0.8754864494541986,-177.1671615559938,2.25,89.349998
435,2017-09-05,50.834240817619914,44.409043912157955,192.04216954675283,0.8754864494541986,-176.2787140586269,0.0,89.349998
436,2017-09-06,51.07221820024359,48.42306635199555,189.97026691037786,0.2316602853267071,-176.08235913115155,-8.349998,81.0
437,2017-09-07,50.8864503419444,54.1784274012705,189.5124088257808,0.660325976193253,-175.5586769669116,3.699996999999996,84.699997
438,2017-09-08,51.285046594203095,55.09206032237866,189.76519617508,0.8750000818452625,-174.35691368020963,2.550003000000004,87.25
439,2017-09-11,51.06728048582844,49.71651171726334,189.22564580327543,0.7648811205003335,-173.2354622766139,-1.8499979999999994,85.400002
440,2017-09-12,51.24082052976199,49.92203569500824,188.61721598445382,0.7470237342332542,-172.03912999793639,-0.30000400000000127,85.099998
441,2017-09-13,51.43656977842849,50.94781208768628,189.8423554003322,0.779762077310142,-170.95022934279655,0.5500040000000013,85.650002
442,2017-09-14,51.5222825549841,50.53112660344445,191.37176378285307,0.9916433412217283,-170.03050466847992,4.699995999999999,90.349998
443,2017-09-15,51.244337988047285,53.30030975902187,191.27462667557106,0.7827296572807226,-166.70440375614908,-3.75,86.599998
444,2017-09-18,51.198285577854875,55.22260189607054,190.92034252982705,0.7391306364208763,-166.23783635526604,0.30000400000000127,86.900002
445,2017-09-19,50.690099840542025,48.30259048182191,190.49152884102858,0.7210146983301382,-166.4016806460424,-0.25,86.650002
446,2017-09-20,50.81408385262672,48.50000242447868,190.5315895236183,0.47058846981925445,-167.13095695706147,-2.75,83.900002
447,2017-09-21,50.8874509850397,49.63264572800074,189.92091992515992,0.4444445533768851,-167.2592121094409,-0.40000200000000063,83.5
448,2017-09-22,50.64799745855565,46.23452696144012,188.98682539638048,0.4444445533768851,-166.03643888532076,0.0,83.5
449,2017-09-25,50.84916167630236,45.36919822800146,186.0213325579642,0.2333334285714286,-165.88003344918212,-7.599997999999999,75.900002
450,2017-09-26,51.055761241933475,40.692428074583255,183.2839841169243,0.25,-166.01838766275173,-0.40000200000000063,75.5
451,2017-09-27,51.56974667886916,31.884730663077278,179.1410682627255,0.022727272727272728,-166.04472132723325,-5.0,70.5
452,2017-09-28,50.92190899391728,31.161307793128188,176.42122050949263,0.27954554545454546,-165.7920349141585,5.650002000000001,76.150002
453,2017-09-29,50.658371120626974,27.836790383061143,174.44458729792876,0.4059406724830796,-165.7765967027145,0.0,76.150002
454,2017-10-03,50.71835312555101,28.086235182199843,173.82088094050283,0.676567567449826,-165.9877014888957,4.099997999999999,80.25
455,2017-10-04,50.7636425943563,27.02589019622053,175.22755888083614,0.9823527647058822,-164.9755208197482,6.449996999999996,86.699997
456,2017-10-05,50.419605736422255,25.516460596319106,174.52379482092687,0.555882176470588,-164.72932789265,-7.25,79.449997
457,2017-10-06,50.875370183286726,24.290668475581867,172.49546420580566,0.29411764705882354,-166.2732373236812,-4.449996999999996,75.0
458,2017-10-09,50.26037550539559,19.835719142786118,170.62816454282117,0.29411764705882354,-166.2474680775969,0.0,75.0
459,2017-10-10,50.410396716077706,17.770669611600397,170.10004866071546,0.29411764705882354,-165.8331143896044,0.0,75.0
460,2017-10-11,50.588962258227056,15.356355568011821,169.70950540343097,0.29411764705882354,-165.0425180337906,0.0,75.0
461,2017-10-12,50.91727176218596,12.89554864132333,170.1721118743759,0.29411764705882354,-163.03321490759942,0.0,75.0
462,2017-10-13,50.865651931919636,16.903671797394964,171.9925215533337,0.7875817409970443,-161.61067305874,7.050003000000004,82.050003
463,2017-10-16,50.995477630320416,17.586442546857484,171.06453778929165,0.12043754462135961,-159.63761278230942,-8.100006000000008,73.949997
464,2017-10-17,51.17927682571163,22.83888610853272,172.16174606340635,0.7116789879589027,-157.50350919893927,8.100006000000008,82.050003
465,2017-10-18,50.8201865148038,19.03517519949372,172.07872990324995,0.7116789879589027,-155.74915559222006,0.0,82.050003
466,2017-10-19,50.989993754300336,15.843558620057067,173.0489788508693,0.7116789879589027,-154.76729388644034,0.0,82.050003
467,2017-10-23,51.084949455411866,19.059387339403244,172.7474821917442,0.28363650909090915,-155.23908166135413,-5.900001000000003,76.150002
468,2017-10-24,51.137339831254955,18.05692185369452,172.14941122037555,0.1963634181818179,-153.92173296785205,-1.2000050000000044,74.949997
469,2017-10-25,50.89321104959271,15.034956529603491,173.17685351430265,0.5454545454545454,-152.01990076404022,4.800003000000004,79.75
470,2017-10-26,51.479410975467715,14.800551404230319,171.25572372118714,0.0972762797317167,-150.84891690725885,-9.099998,70.650002
471,2017-10-27,51.325103530369695,21.687447481026666,169.86219214279802,0.39655175881886456,-149.52239259835372,0.9000010000000032,71.550003
472,2017-10-30,51.21428174897006,21.687447481026666,167.51765327923823,0.39655175881886456,-148.51334595809303,0.0,71.550003
473,2017-10-31,51.573961095949386,24.468938468497484,166.13943603648653,0.30747113175453256,-147.61716611279806,-1.5500030000000038,70.0
474,2017-11-01,51.39517618559228,26.40013585492717,163.62838944639626,0.35430455023901325,-147.73348999362315,0.0,70.0
475,2017-11-02,51.215066265352704,26.40013585492717,161.27937141306407,0.35430455023901325,-147.60476510955883,0.0,70.0
476,2017-11-03,50.77546694072931,21.705300363543785,159.06292219889752,0.4262948311931599,-148.74043261487924,0.0,70.0
477,2017-11-06,51.352639723909725,26.67211514808713,156.50079126376917,0.1830984893870048,-150.88264104383236,-4.400002000000001,65.599998
478,2017-11-07,51.63555163199376,21.190603112091097,153.19879259712107,0.16101706406201222,-152.35036481973358,-3.5999979999999994,62.0
479,2017-11-08,51.87125409891448,24.002454612939133,148.27955046919323,0.028777118161565775,-153.0108331929119,-3.5999979999999994,58.400002
480,2017-11-09,51.99711728994809,29.17985795886065,144.11918633046596,0.0,-152.96500095446672,-3.350003000000001,55.049999
481,2017-11-10,51.90626686927323,38.384914841965674,141.75640428358088,0.33110372367199176,-152.1278256634371,4.950001,60.0
482,2017-11-13,52.16941845564764,50.16965531983889,140.25247440317062,0.4816053858457936,-150.66153384456388,2.25,62.25
483,2017-11-14,51.36960143644693,49.42359949383822,139.0409292207415,0.4931506520923318,-149.97579196484307,0.0,62.25
484,2017-11-15,52.465842897032594,45.6623861867641,135.33024948152186,0.274691402796827,-149.91691912514884,-8.0,54.25
485,2017-11-16,51.649515450101724,39.71169824375686,131.90927833746917,0.274691402796827,-149.46844197968824,0.0,54.25
486,2017-11-17,51.86961816518391,44.185316380005276,127.72915710016777,0.08024684689834276,-149.15509381144216,-3.1500020000000006,51.099998
487,2017-11-20,53.09080185206035,47.251640372157844,124.2298961126092,0.01851845564700889,-148.77259192171184,-1.0,50.099998
488,2017-11-21,52.49790380974197,48.997598077478365,124.5168827152176,0.6225806135275834,-146.4880413091478,9.350003000000001,59.450001
489,2017-11-22,52.09617048252348,49.69921311970539,126.38398692548225,1.0,-144.4803901141399,3.5499989999999997,63.0
490,2017-11-23,51.687584143719185,49.69921311970539,128.55627405957134,1.0,-140.86784407122164,0.0,63.0
491,2017-11-24,52.47738071675155,47.23222379465605,129.74149392969505,1.0,-136.82430731863775,0.0,63.0
492,2017-11-27,53.19951299924374,47.22222822138511,130.42708180421246,1.0,-132.3810948343765,0.0,63.0
493,2017-11-28,53.282975524175676,46.58433429732191,129.26698030770768,0.5736434769544997,-130.11386320834345,-5.5,57.5
494,2017-11-29,53.30351124244598,39.492988074217706,129.4726877010047,0.5,-128.3473866450701,0.0,57.5
495,2017-11-30,53.200888362356764,32.330553769603114,129.72043003305416,0.5,-125.85881215557711,0.0,57.5
496,2017-12-01,53.687791510876295,8.48890309174567,127.26146313897334,0.07352941176470588,-124.24560429208898,-10.25,47.25
497,2017-12-04,53.11993316652011,17.4927209123084,126.18403654672179,0.23529411764705882,-122.10567721880994,2.75,50.0
498,2017-12-05,53.04698773674659,21.13875623157847,124.13085140014708,0.29411764705882354,-119.3031674410035,1.0,51.0
499,2017-12-06,53.3818457547341,23.977721187526868,121.3483798942564,0.343478347826087,-116.60714689831389,-1.0499989999999997,49.950001
500,2017-12-07,53.00165249357521,21.29027346466802,118.75284509435532,0.343478347826087,-115.3119603818111,0.0,49.950001
501,2017-12-08,52.516219002351065,16.076414880519664,116.31025850844573,0.343478347826087,-114.4983089316519,0.0,49.950001
502,2017-12-11,52.84511232698738,15.590047311937894,113.37612586569196,0.25,-113.77214541741651,-1.9500010000000003,48.0
503,2017-12-12,52.177605780399915,14.231677082592881,111.48264199972036,0.14285714285714285,-113.59608534441756,0.0,48.0
504,2017-12-13,51.49092994619328,14.231677082592881,109.70122956190384,0.14285714285714285,-113.86834699290493,0.0,48.0
505,2017-12-14,50.78424704654094,14.231677082592881,108.01151192894153,0.3389829359379878,-113.74627121005541,0.0,48.0
506,2017-12-15,50.056669762721114,14.231677082592881,108.02526111939136,0.0,-114.0758346143364,0.0,48.0
507,2017-12-18,51.079665451206985,13.087479445262687,107.61794235051723,0.0,-113.65714384011747,0.0,48.0
508,2017-12-26,49.87846987428576,2.8369186573229115,107.63946529606065,1.0,-107.39364686832472,4.950001,52.950001
509,2017-12-27,50.5468380074597,7.59662381401192,109.04126084772435,1.0,-106.96210463415072,0.0,52.950001
510,2017-12-28,50.9376106830107,26.957743238551842,112.53872590127207,1.0,-104.38895177753743,7.049999,60.0
511,2017-12-29,48.221630860195766,10.130647103291636,115.37734260196939,0.9166666666666666,-101.58594692756756,-1.0,59.0
512,2018-01-01,46.322345935583535,16.062073240513598,119.5499525136033,1.0,-98.54210309708088,5.0,64.0
513,2018-01-02,46.652481272661326,10.533452528065737,121.45748412189681,0.625,-96.19382588034748,-6.0,58.0
514,2018-01-03,47.22002948093672,13.638925776122633,124.57504434663386,0.884375125,-93.5889014517854,4.150002000000001,62.150002
515,2018-01-04,47.76498377141215,19.68541203935702,125.52669800156083,0.32773120542332684,-92.40525266633105,-6.150002000000001,56.0
516,2018-01-05,48.276096549661425,22.36300575758706,127.7658544433155,0.6923076923076923,-90.8994986618944,4.0,60.0
517,2018-01-08,48.785575124326556,25.841648485465385,129.954444809912,0.7076923846153846,-89.44565686291253,0.20000100000000032,60.200001
518,2018-01-09,48.84742064172373,24.511943005113295,131.1936318255039,0.5625,-89.55469048150925,-0.20000100000000032,60.0
519,2018-01-10,49.4971392002081,27.709501974939826,133.2178877068991,0.728125125,-89.09025489167047,2.6500020000000006,62.650002
520,2018-01-11,49.95700807327882,29.935130021716432,132.5205747896516,0.4375,-89.69660119854424,-4.650002000000001,58.0
521,2018-01-12,50.430586114304816,29.935130021716432,132.06003473869853,0.4375,-90.41833137724691,0.0,58.0
522,2018-01-15,50.66635299835355,29.272048599770756,130.86442447935474,0.4375,-92.20256054719198,0.0,58.0
523,2018-01-16,50.89988774418875,29.272048599770756,130.69278170002391,0.0,-93.77959948160895,0.0,58.0
524,2018-01-17,50.807663641962506,26.85671765451083,129.89302523220573,0.0,-96.37533718390176,0.0,58.0
525,2018-01-18,50.80576780828766,26.305777173232883,130.1143115579875,0.0,-97.98491800364721,0.0,58.0
526,2018-01-19,50.63829808239022,25.238328709257843,130.34125523803777,0.5405405405405406,-100.05379551998718,2.0,60.0
527,2018-01-22,50.65738611501398,27.77220069309321,130.49516175873836,1.0,-101.16597087653582,0.0,60.0
528,2018-01-23,50.67645940983201,29.37598091744512,131.48603152775712,0.9562502500000001,-102.70699320456669,2.6500020000000006,62.650002
529,2018-01-24,49.96823802578489,28.175921905640678,131.41869053477345,0.75,-104.45829767734159,-1.6500020000000006,61.0
530,2018-01-25,49.916177913176114,30.921272237320665,131.74577305495538,0.625,-106.26545719193578,-1.0,60.0
531,2018-01-29,49.90778018139577,27.332773344514038,132.06226989246758,0.625,-108.47172818453808,0.0,60.0
532,2018-01-30,49.960609062612185,32.32202325138415,132.37010571688643,0.625,-109.93481696196051,0.0,60.0
