"Date","TARAJEWELS.NS.Open","TARAJEWELS.NS.High","TARAJEWELS.NS.Low","TARAJEWELS.NS.Close","TARAJEWELS.NS.Volume","TARAJEWELS.NS.Adjusted"
2012-12-06,242,242,229.899994,229.899994,479249,227.337006
2012-12-07,218.449997,227,218.449997,219.100006,800130,216.657425
2012-12-10,208.149994,224.899994,208.149994,217.600006,72155,215.174149
2012-12-11,217,223.399994,217,217.449997,225284,215.025803
2012-12-12,212,218.899994,211,217.449997,10616,215.025803
2012-12-13,217,218.449997,207.100006,217,62977,214.580826
2012-12-14,214,222,214,221.75,26727,219.277878
2012-12-17,218.600006,232.75,218.600006,230.25,68305,227.683105
2012-12-18,231.899994,231.899994,222.5,225.75,26258,223.233276
2012-12-19,227.949997,228,222.100006,227.300003,16090,224.766006
2012-12-20,230,232.5,223,226.399994,82026,223.876022
2012-12-21,225,226.600006,220,220.600006,26076,218.140701
2012-12-24,220,231.350006,219.050003,220.399994,83025,217.942917
2012-12-26,220.399994,226.399994,220,223.75,104361,221.255569
2012-12-27,223,227,221.5,223.949997,112047,221.453339
2012-12-28,225,230.949997,222,229.050003,115361,226.49649
2012-12-31,227,234,227,232.050003,123787,229.463043
2013-01-01,232.550003,243.800003,229.649994,237.199997,258329,234.555634
2013-01-02,238.949997,245.949997,235.100006,237.199997,336195,234.555634
2013-01-03,238.550003,241.199997,226.5,228.649994,110481,226.100937
2013-01-04,227,239.399994,226,235.300003,195840,232.676819
2013-01-07,236,239.5,232.5,234,58545,231.391296
2013-01-08,233.050003,235.800003,228,230.199997,34834,227.633667
2013-01-09,230,233,223,224.75,28451,222.244431
2013-01-10,221,227,218.5,222.199997,26709,219.722855
2013-01-11,222.100006,227.899994,222.100006,224.350006,33638,221.848892
2013-01-14,221,228.5,220,225.449997,28018,222.936615
2013-01-15,224,232,222.600006,224.149994,38327,221.651108
2013-01-16,224,225.25,220,224.449997,28566,221.947769
2013-01-17,224,226,222.100006,225,17235,222.491638
2013-01-18,224,228,224,227.100006,14182,224.568237
2013-01-21,227,227,220.25,220.75,3808,218.289017
2013-01-22,221.149994,224,220.649994,222.149994,14429,219.673401
2013-01-23,221,227,220,225.100006,15794,222.59053
2013-01-24,224,226.75,218.5,220.550003,45374,218.091248
2013-01-25,223.649994,223.800003,219,220.649994,29555,218.190125
2013-01-28,222.949997,226.5,221.399994,225.850006,24872,223.332169
2013-01-29,226,227,221.050003,223.850006,26070,221.354462
2013-01-30,221.449997,226,221.449997,224.800003,21715,222.293869
2013-01-31,226,226,221.25,223.649994,51358,221.156677
2013-02-01,224,224,215.399994,218.25,7167,215.816895
2013-02-04,218.399994,219,210.699997,212,28828,209.636566
2013-02-05,213.5,213.5,207,208.300003,20560,205.977814
2013-02-06,208.199997,214,208.199997,212.199997,9507,209.834335
2013-02-07,214.449997,215,208,208.149994,5827,205.829483
2013-02-08,209.949997,211.100006,207,208.25,3689,205.928375
2013-02-11,208,209.949997,206.5,208.149994,6068,205.829483
2013-02-12,211.850006,211.850006,208,208.899994,8088,206.571121
2013-02-13,209.850006,209.949997,207,207.949997,4663,205.631714
2013-02-14,206.100006,208.050003,198,198.800003,9581,196.583725
2013-02-15,200,200.050003,189.5,192.75,11955,190.601166
2013-02-18,193,208,191,204.550003,13914,202.269623
2013-02-19,199,210.949997,199,209.949997,9907,207.609421
2013-02-20,207,210.899994,206,210.050003,10049,207.708313
2013-02-21,206,210.5,203,209.800003,42502,207.46109
2013-02-22,206.050003,206.050003,195.100006,197.850006,1802,195.644318
2013-02-25,197.899994,200,180,185.300003,11046,183.234222
2013-02-26,185.550003,185.550003,175,181.100006,19287,179.081055
2013-02-27,189.75,196,174,193.100006,13844,190.947281
2013-02-28,185.25,197,181.050003,192.949997,11229,190.798935
2013-03-01,182,195.949997,182,183.350006,1957,181.305969
2013-03-04,183,184,175,183,3929,180.959869
2013-03-05,193.350006,193.350006,176,177.550003,6792,175.570633
2013-03-06,179,185,177.649994,180.850006,2474,178.833847
2013-03-07,160.25,182.5,160.25,178.449997,79707,176.460587
2013-03-08,182,189,177,182.300003,136326,180.26767
2013-03-11,179,185,175.050003,179.600006,123663,177.597778
2013-03-12,177.75,180,175.5,177.649994,2281,175.66951
2013-03-13,177.5,178.850006,175,177.800003,13653,175.817841
2013-03-14,175.25,189.899994,175,183.350006,12203,181.305969
2013-03-15,180.550003,197.949997,179,184.399994,116269,182.344254
2013-03-18,182,187.25,180,184.199997,111483,182.146484
2013-03-19,184,187,179,182.949997,97453,180.910416
2013-03-20,180,180.699997,165,171.649994,7036,169.736389
2013-03-21,168.800003,181,165,165.199997,1677,163.358307
2013-03-22,168,172,164.699997,167.75,71731,165.879883
2013-03-25,170.449997,184,169.949997,176.350006,58673,174.384003
2013-03-26,175,188.399994,174.5,184.100006,67167,182.047607
2013-03-28,184.100006,199.699997,177.25,184.850006,94340,182.789246
2013-04-01,184.850006,189.699997,180.350006,183.399994,6559,181.355408
2013-04-02,180,186.949997,180,180.550003,1388,178.537186
2013-04-03,178,184.850006,176.149994,179.699997,2321,177.696655
2013-04-04,176,181.850006,175.350006,177.949997,1581,175.966156
2013-04-05,178.5,183.949997,173,175.899994,1545,173.939011
2013-04-08,179.5,180,174,179.050003,232,177.053909
2013-04-09,179.949997,180.25,174,176.75,673,174.779541
2013-04-10,175,175,170,172.949997,453,171.021896
2013-04-11,172,172,170.350006,170.600006,83,168.698105
2013-04-12,170.649994,175,166.100006,170,363,168.104797
2013-04-15,166.100006,169.699997,164.800003,165.199997,611,163.358307
2013-04-16,162,167,160,163.449997,5826,161.627808
2013-04-17,166,169,164.100006,165.149994,206,163.308853
2013-04-18,168,171.5,164.5,165.550003,3648,163.704407
2013-04-22,165.550003,166,161.600006,163.75,1268,161.924469
2013-04-23,161,167,161,162,1526,160.193985
2013-04-25,162,174,161.899994,166.149994,5435,164.297714
2013-04-26,169,169.5,164,164.300003,1267,162.468338
2013-04-29,165,172.199997,163.149994,165.350006,659,163.506638
2013-04-30,165,171,162.699997,163.149994,502,161.331146
2013-05-02,163.149994,169.449997,163,163.75,1156,161.924469
2013-05-03,165.75,165.75,161.100006,162.649994,309,160.836731
2013-05-06,162.199997,166.100006,159,160.699997,1996,158.908463
2013-05-07,162,185,160,160.699997,1058,158.908463
2013-05-08,162.050003,166,162.050003,164.25,1359,162.4189
2013-05-09,161.149994,164.850006,161,161.100006,1222,159.304016
2013-05-10,162.850006,163.5,160,160.649994,1420,158.859024
2013-05-13,150,162.5,150,161.449997,1523,159.650101
2013-05-14,162.399994,162.399994,159,160.649994,341,158.859024
2013-05-15,160.100006,162,159.5,159.699997,2196,157.919617
2013-05-16,158.25,162,155,161.550003,2578,159.748993
2013-05-17,163.949997,165,160.050003,160.899994,2234,159.106232
2013-05-20,160.199997,162.449997,159.25,159.850006,2283,158.067947
2013-05-21,160,161,159,160.800003,1372,159.007355
2013-05-22,159,159.449997,155,155.100006,799,153.370911
2013-05-23,153.800003,155,148,150.5,4816,148.822189
2013-05-24,155,155,147.300003,148.949997,2385,147.289459
2013-05-27,148.199997,150.399994,144,145,1868,143.383499
2013-05-28,144.399994,145,140.25,141.350006,3013,139.7742
2013-05-29,143,143,126.050003,128.800003,9935,127.364105
2013-05-30,125,131,125,127.099998,5260,125.683052
2013-05-31,125,132,125,130.399994,18085,128.946259
2013-06-03,140,140,124.199997,126.550003,4735,125.139191
2013-06-04,125,127.199997,123.5,126,1462,124.595314
2013-06-05,124,134.949997,121,132.649994,5157,131.171173
2013-06-06,130,134.100006,125.150002,131.050003,3617,129.58902
2013-06-07,131.149994,150,131.100006,148.149994,12606,146.498383
2013-06-10,140.649994,150.949997,135.25,138.649994,624,137.104279
2013-06-11,136,139,125.650002,130.100006,1154,128.649612
2013-06-12,128,149,125,137.850006,1764,136.313217
2013-06-13,135,135,129,130.649994,408,129.193466
2013-06-14,125.550003,135,125.550003,129.100006,834,127.660767
2013-06-17,131,134,125,129.050003,15521,127.61132
2013-06-18,129,129,127.25,128.050003,100,126.622467
2013-06-19,126.550003,131,126.5,126.75,226,125.33696
2013-06-20,125.050003,132,119,125.650002,4620,124.249222
2013-06-21,127.949997,130,125,125.050003,1632,123.655914
2013-06-24,125,127.949997,120,122.949997,1970,121.579315
2013-06-25,121.050003,123.949997,120,120.349998,1475,119.008301
2013-06-26,124,125,120,120.099998,816,118.761093
2013-06-27,120.050003,123,120,120.099998,312,118.761093
2013-06-28,123.900002,123.949997,119,120.199997,650,118.859978
2013-07-01,122.699997,122.699997,120,120,1346,118.662209
2013-07-02,121.900002,122,115,119,1275,117.673355
2013-07-03,119,120.949997,117.099998,117.25,516,115.942863
2013-07-04,119,122,119,120,1555,118.662209
2013-07-05,119,121.900002,119,119,354,117.673355
2013-07-08,121.900002,121.900002,119,120,34,118.662209
2013-07-09,117,121.900002,117,120.199997,318,118.859978
2013-07-10,120.25,120.25,120.25,120.25,73,118.909424
2013-07-11,119,120,119,119.650002,78,118.316109
2013-07-12,119.050003,120.449997,116,119.150002,1012,117.821686
2013-07-15,119.800003,119.800003,118,119.25,205,117.92057
2013-07-16,118,121.900002,115,120.699997,1132,119.354401
2013-07-17,121.800003,121.800003,118,119,3,117.673355
2013-07-18,118,120.5,118,120.5,317,119.156631
2013-07-19,118,120.900002,118,120.099998,376,118.761093
2013-07-22,121,121,118,120.25,184,118.909424
2013-07-23,122,129.850006,118,120.050003,3603,118.711655
2013-07-24,120.900002,120.900002,118,119.949997,1530,118.612762
2013-07-25,118.199997,120,118,119.099998,643,117.77224
2013-07-26,122,122,115.050003,115.349998,937,114.064049
2013-07-29,118,118,113,113.050003,592,111.789688
2013-07-30,116,116,105,106.550003,321,105.362152
2013-07-31,104,104,85.25,98.900002,1210,97.79744
2013-08-01,96.900002,100.900002,90,94.800003,2057,93.743149
2013-08-02,92.800003,97.849998,86.050003,90.050003,1323,89.046104
2013-08-05,89,92,89,90.550003,2745,89.540527
2013-08-06,89.949997,91.75,87,87.099998,2243,86.128983
2013-08-07,87,92.599998,87,87.050003,335,86.079544
2013-08-08,87,91.5,87,90.900002,656,89.886627
2013-08-12,90.900002,90.900002,87.400002,88,1001,87.018951
2013-08-13,88,104.599998,84,89.25,1362,88.25502
2013-08-14,88,97,88,88.949997,1756,87.958359
2013-08-16,88.949997,90,87,88.349998,1671,87.365051
2013-08-19,90.300003,94,87,91.300003,864,90.282166
2013-08-20,89.300003,99.900002,87,87.599998,2816,86.623413
2013-08-21,87,90,86,86.599998,890,85.63456
2013-08-22,88.599998,90.699997,86,89.449997,1422,88.452782
2013-08-23,87.449997,89.949997,85,88.099998,1052,87.117836
2013-08-26,87,89.449997,86,87.849998,1287,86.870621
2013-08-27,89.5,89.5,85,86.599998,1344,85.63456
2013-08-28,87,88.449997,83,86.900002,3894,85.931213
2013-08-29,85,90,84.900002,88.400002,1432,87.414497
2013-08-30,86.449997,90,85.050003,88.25,2234,87.266167
2013-09-02,86.400002,88.25,85.150002,85.800003,610,84.843483
2013-09-03,85,90.25,83,89.949997,716,88.947212
2013-09-04,87.949997,89,85,85.800003,570,84.843483
2013-09-05,85.099998,87.949997,81,85.75,707,84.794037
2013-09-06,85.050003,87.699997,83.050003,85.849998,1024,84.892921
2013-09-10,85.849998,87.800003,84,85.5,2327,84.546822
2013-09-11,86.849998,88.949997,85,86,6631,85.041252
2013-09-12,88,96.900002,86.050003,92.900002,898,91.864326
2013-09-13,94.449997,94.449997,89,90.650002,849,89.639412
2013-09-16,92.650002,92.650002,86,86.75,29,85.78289
2013-09-17,87.5,93.949997,87,90,240,88.996658
2013-09-18,90,90,88,89,487,88.007805
2013-09-19,87.5,89.949997,85,88.599998,1055,87.612259
2013-09-20,89.949997,89.949997,85,85,375,84.052399
2013-09-23,87,90,85,89.400002,1172,88.403343
2013-09-24,89.949997,90,85.300003,86.099998,352,85.140129
2013-09-25,87.949997,87.949997,85,85.800003,325,84.843483
2013-09-26,87.75,89.099998,84.150002,88.75,963,87.76059
2013-09-27,88.949997,88.949997,84.400002,85.75,205,84.794037
2013-09-30,84.400002,87.699997,83,85.650002,979,84.695152
2013-10-01,86.650002,89.900002,84,84.900002,1418,83.953514
2013-10-03,84.900002,89.900002,84,86.150002,970,85.189575
2013-10-04,85,88,84.5,85.199997,1204,84.250168
2013-10-07,84,89.900002,84,86,1503,85.041252
2013-10-08,84.050003,100,84.050003,90.599998,2725,89.589966
2013-10-09,87,91.400002,85.599998,86.25,2186,85.28846
2013-10-10,88.25,103,88.25,89.199997,665,88.205574
2013-10-11,90,91,89.150002,89.300003,664,88.304459
2013-10-14,90.5,91.699997,90,91.699997,229,90.677704
2013-10-15,91,93.699997,88.5,90.099998,700,89.095535
2013-10-17,90.099998,95,90,90.550003,1341,89.540527
2013-10-18,91.849998,91.949997,85.099998,91.400002,1075,90.38105
2013-10-21,89.5,89.800003,85.150002,87.900002,2422,86.920067
2013-10-22,89.099998,92,88.5,91,1602,89.985504
2013-10-23,90,94,87.800003,91.949997,960,90.924911
2013-10-24,92.199997,92.199997,86.5,89.300003,759,88.304459
2013-10-25,88,91.599998,86,87.050003,319,86.079544
2013-10-28,87.050003,90.849998,87,90,733,88.996658
2013-10-29,91.5,92.199997,88.300003,89.400002,5836,88.403343
2013-10-30,91.449997,103,89.099998,90.949997,5537,89.936058
2013-10-31,92.900002,105,91.900002,103.400002,509184,102.247269
2013-11-01,105,114,105,107.699997,6694,106.499329
2013-11-05,107.699997,107.699997,97.099998,103.25,1450,102.098938
2013-11-06,102,102.050003,100,100.550003,1761,99.429047
2013-11-07,100,102,99.400002,101.949997,2188,100.813431
2013-11-08,99.300003,102.949997,99.199997,100.949997,670,99.824577
2013-11-11,98,104.5,94,103.5,757,102.346153
2013-11-12,101.5,104.949997,98.800003,100.349998,2785,99.23127
2013-11-13,98,107,87,88.650002,4816,87.661705
2013-11-14,90.599998,99,85,89.349998,2550,88.353897
2013-11-18,89.349998,92.949997,84.050003,89.699997,2040,88.699997
2013-11-19,90,91.650002,88.5,89.300003,37,89.300003
2013-11-20,87.349998,90.949997,85.5,88,1683,88
2013-11-21,88.050003,91,88.050003,89.949997,1062,89.949997
2013-11-22,91.900002,92.949997,88,92.800003,1297,92.800003
2013-11-25,80,102,80,91.099998,7655,91.099998
2013-11-26,91.199997,92.199997,73.150002,88.050003,1369,88.050003
2013-11-27,86,93.900002,86,87.199997,969,87.199997
2013-11-28,86.150002,88,86.050003,86.400002,865,86.400002
2013-11-29,86.099998,88.900002,85.099998,86.550003,659,86.550003
2013-12-02,88.400002,92.5,87.050003,89.150002,3626,89.150002
2013-12-03,90,91.949997,87.550003,88.150002,1043,88.150002
2013-12-04,90.099998,91.699997,89,89.800003,2484,89.800003
2013-12-05,89,89,85.599998,86.400002,2443,86.400002
2013-12-06,85.300003,88,85.199997,86,23403,86
2013-12-09,86.949997,88,86.949997,87,2003,87
2013-12-10,87.900002,88.900002,87,88.349998,2252,88.349998
2013-12-11,89,89.800003,87.5,87.599998,405,87.599998
2013-12-12,89.599998,89.599998,85.800003,86.900002,3325,86.900002
2013-12-13,86.050003,86.300003,85,85,508,85
2013-12-16,84.150002,88.5,84.050003,85.5,910,85.5
2013-12-17,85,86.949997,85,85.199997,1316,85.199997
2013-12-18,85,86.75,85,86.75,201,86.75
2013-12-19,86.949997,86.949997,69.550003,83,3599,83
2013-12-20,85,86.550003,82.300003,82.900002,3090,82.900002
2013-12-23,83,84.900002,82,83.75,2100,83.75
2013-12-24,85.75,85.75,82,83.050003,3742,83.050003
2013-12-26,83.050003,88.5,80.5,87,2304,87
2013-12-27,85.75,87.949997,85,85.699997,5744,85.699997
2013-12-30,87,87,83.050003,83.949997,716,83.949997
2013-12-31,84,90,80.199997,86.25,3301,86.25
2014-01-01,85,87.849998,84,86.800003,2813,86.800003
2014-01-02,87.75,87.75,84,84.050003,5962,84.050003
2014-01-03,86,86,82.150002,84.300003,104,84.300003
2014-01-06,86.300003,86.300003,83.050003,83.800003,17545,83.800003
2014-01-07,85.75,85.800003,82.75,83.25,1494,83.25
2014-01-08,82,95.5,80,90.300003,71927,90.300003
2014-01-09,91.5,99.900002,85.599998,96.900002,58247,96.900002
2014-01-10,94,102.400002,94,99.449997,25757,99.449997
2014-01-13,100.949997,102.5,97,99.050003,12975,99.050003
2014-01-14,99.900002,100,97,99.800003,3287,99.800003
2014-01-15,98,119,95.099998,117.900002,123244,117.900002
2014-01-16,118,123,115.099998,117.099998,55310,117.099998
2014-01-17,115,120.949997,106.199997,111.599998,13406,111.599998
2014-01-20,110,119.300003,103.699997,105.650002,21892,105.650002
2014-01-21,107.949997,118.900002,103.900002,111.300003,42081,111.300003
2014-01-22,113.449997,125.199997,110.050003,119.550003,56105,119.550003
2014-01-23,117,129.399994,113.800003,127.150002,37135,127.150002
2014-01-24,125,132.899994,122,129.850006,57289,129.850006
2014-01-27,129.399994,141.899994,127.099998,136.800003,153644,136.800003
2014-01-28,136.149994,140,123.449997,128.300003,34331,128.300003
2014-01-29,128.949997,128.949997,115.5,115.5,27129,115.5
2014-01-30,110,110,103.949997,103.949997,8969,103.949997
2014-01-31,98.800003,103.800003,98.800003,98.800003,12020,98.800003
2014-02-03,97.150002,99.199997,93.900002,93.900002,4868,93.900002
2014-02-04,89.800003,89.800003,89.25,89.25,1705,89.25
2014-02-05,84.800003,93.699997,84.800003,93.699997,6095,93.699997
2014-02-06,97.949997,98.349998,97.5,98.349998,3250,98.349998
2014-02-07,98.650002,103.25,98.449997,100.25,8259,100.25
2014-02-10,105,105,100.300003,100.5,2263,100.5
2014-02-11,102.900002,102.900002,95.5,95.800003,3685,95.800003
2014-02-12,95.550003,96,92.199997,93,2220,93
2014-02-13,91,91.900002,89.5,90,3609,90
2014-02-14,89,92,87.25,90.650002,3405,90.650002
2014-02-17,88.650002,91.400002,86.199997,89.199997,2342,89.199997
2014-02-18,89.949997,90.949997,87.199997,88.699997,773491,88.699997
2014-02-19,91.050003,93.099998,90,93.099998,92727,93.099998
2014-02-20,97.25,97.75,94,97.75,26565,97.75
2014-02-21,102.449997,102.599998,97,102.599998,7599,102.599998
2014-02-24,106.800003,107.650002,100.75,104.25,36435,104.25
2014-02-25,104.75,107,102,104.650002,8921,104.650002
2014-02-26,105,105.75,104,104.800003,3706,104.800003
2014-02-28,104.800003,107,103.449997,105.099998,7245,105.099998
2014-03-03,107,109.449997,106,108.650002,6939,108.650002
2014-03-04,109,112,105.849998,106.449997,20722,106.449997
2014-03-05,104.050003,107.75,104.050003,105.150002,2243,105.150002
2014-03-06,103.75,106.900002,103.699997,106.050003,2446,106.050003
2014-03-07,104,107.099998,97.849998,102.75,14861,102.75
2014-03-10,104.699997,105,100.699997,103.699997,3517,103.699997
2014-03-11,105.900002,105.900002,101,101.599998,1172,101.599998
2014-03-12,102.050003,104,98.400002,98.949997,1774,98.949997
2014-03-13,99,101.900002,97.5,99.849998,2189,99.849998
2014-03-14,100.5,101.949997,96.5,100.650002,8133,100.650002
2014-03-18,100.650002,101.849998,95.75,99,1513,99
2014-03-19,97.300003,97.800003,91.349998,95.800003,5140,95.800003
2014-03-20,94.699997,99.949997,93.5,94.199997,5053,94.199997
2014-03-21,95,95.849998,92,93,2922,93
2014-03-24,96.5,104.349998,93.5,98.5,15380,98.5
2014-03-25,96.699997,99,95.050003,97.699997,2162,97.699997
2014-03-26,100,100,93.400002,93.949997,6726,93.949997
2014-03-27,94.849998,96.650002,94.099998,95.300003,2145,95.300003
2014-03-28,90,104.800003,90,104.800003,8784,104.800003
2014-03-31,104.650002,112,104.449997,105.75,3513,105.75
2014-04-01,106,116.300003,104.25,108.25,14311,108.25
2014-04-02,111.400002,112,108.099998,108.5,928,108.5
2014-04-03,111,111,103.050003,104.050003,3712,104.050003
2014-04-04,105,105,102.300003,102.800003,4710,102.800003
2014-04-07,102.75,104.900002,98.050003,100.699997,2266,100.699997
2014-04-09,100.699997,104.900002,97.949997,102.25,11404,102.25
2014-04-10,101.599998,112,101.599998,106.5,3579,106.5
2014-04-11,106.849998,108,102.949997,105.949997,3859,105.949997
2014-04-15,105.949997,113,104,105.699997,4954,105.699997
2014-04-16,109.199997,109.199997,100.199997,103.449997,2323,103.449997
2014-04-17,101.400002,105.599998,101.400002,104.849998,2826,104.849998
2014-04-21,104.849998,107.75,102.150002,102.650002,3641,102.650002
2014-04-22,103,104.050003,100.75,102.550003,1751,102.550003
2014-04-23,106.75,110,102.150002,106.949997,8558,106.949997
2014-04-24,106.949997,106.949997,106.949997,106.949997,0,106.949997
2014-04-25,106.650002,107.050003,102.25,104.800003,3364,104.800003
2014-04-28,105.050003,107.75,102,103.75,3584,103.75
2014-04-29,103.099998,110.050003,101.050003,106.5,10065,106.5
2014-04-30,108.400002,109.5,103,104.150002,2418,104.150002
2014-05-02,104.150002,105.900002,104.050003,104.25,958,104.25
2014-05-05,102.050003,106.900002,102.050003,105,4161,105
2014-05-06,106.849998,106.900002,103,103.050003,1560,103.050003
2014-05-07,99,105.650002,99,102.150002,2017,102.150002
2014-05-08,106,106,100.699997,102.400002,515,102.400002
2014-05-09,104.900002,105,100,100.349998,695,100.349998
2014-05-12,103.800003,103.849998,96.150002,97.900002,2431,97.900002
2014-05-13,100.400002,103.5,98.5,101.949997,5796,101.949997
2014-05-14,100,101.550003,99.150002,100.449997,2274,100.449997
2014-05-15,100,100.800003,97.25,99.25,4603,99.25
2014-05-16,107,107,91.150002,95.5,5990,95.5
2014-05-19,100,100,94,98.599998,3331,98.599998
2014-05-20,100,100.800003,94.550003,99.199997,22322,99.199997
2014-05-21,102,108,100.099998,103.650002,15133,103.650002
2014-05-22,112.099998,119,102.25,103.800003,227615,103.800003
2014-05-23,112.900002,112.900002,103.650002,104.150002,41847,104.150002
2014-05-26,106,106.050003,95.25,97.75,23133,97.75
2014-05-27,96.150002,102,96,100.650002,9829,100.650002
2014-05-28,107,107,97,98.599998,8310,98.599998
2014-05-29,96.150002,98.900002,94.5,95.199997,9280,95.199997
2014-05-30,101,101,91,93.150002,8720,93.150002
2014-06-02,99,99,93,94.849998,5812,94.849998
2014-06-03,98.650002,98.650002,94,94.199997,16413,94.199997
2014-06-04,96.849998,96.849998,90.650002,92.75,9628,92.75
2014-06-05,91.849998,97.5,91.849998,93.449997,18302,93.449997
2014-06-06,98,98,94,96.099998,12417,96.099998
2014-06-09,95.5,115.300003,95,114.199997,98827,114.199997
2014-06-10,115,129.199997,113,126.150002,232699,126.150002
2014-06-11,128.899994,130.550003,115.900002,119.349998,74398,119.349998
2014-06-12,117.5,120,110.099998,114.25,19316,114.25
2014-06-13,115,115,100,104.849998,49201,104.849998
2014-06-16,104.849998,109,101,108.25,13941,108.25
2014-06-17,109,115,108.25,112.150002,35707,112.150002
2014-06-18,113,115,102,106.550003,24030,106.550003
2014-06-19,106.900002,109.849998,105.300003,107,8047,107
2014-06-20,106.050003,116.900002,105.150002,112.199997,32432,112.199997
2014-06-23,113.699997,119,111,113.349998,20951,113.349998
2014-06-24,112.349998,121.699997,111.5,112.5,44837,112.5
2014-06-25,113,117.050003,112.099998,112.849998,8324,112.849998
2014-06-26,112.199997,115.199997,112.150002,113.5,9070,113.5
2014-06-27,113.599998,115.900002,112,113.099998,5899,113.099998
2014-06-30,112.5,116.900002,107,113.400002,7109,113.400002
2014-07-01,113.949997,116.5,111.150002,112.099998,6892,112.099998
2014-07-02,113,113.800003,110.5,111.699997,4465,111.699997
2014-07-03,111.349998,113.949997,107.800003,110.599998,14643,110.599998
2014-07-04,111.849998,115,107.099998,112.400002,26480,112.400002
2014-07-07,115,115.900002,112,112.800003,13021,112.800003
2014-07-08,114.449997,115,105.349998,106.900002,14154,106.900002
2014-07-09,107.550003,111,104.050003,106.849998,6594,106.849998
2014-07-10,107,109.5,102.550003,104.150002,33619,104.150002
2014-07-11,108,108.050003,97.099998,98.050003,8541,98.050003
2014-07-14,99.900002,99.900002,95.050003,95.449997,3966,95.449997
2014-07-15,95.599998,102,95.5,100.650002,5351,100.650002
2014-07-16,101,103.800003,100.349998,101.150002,3492,101.150002
2014-07-17,99.900002,101.800003,95.650002,99.75,5191,99.75
2014-07-18,105,105,98.050003,98.849998,5633,98.849998
2014-07-21,104.900002,104.900002,98.599998,98.949997,5185,98.949997
2014-07-22,100.449997,100.449997,97.099998,98.699997,4004,98.699997
2014-07-23,100.900002,101.099998,96.050003,97,7300,97
2014-07-24,96.800003,98.300003,96.099998,97,2434,97
2014-07-25,96.25,97.449997,92.949997,95.449997,6162,95.449997
2014-07-28,95,95.400002,92,93.199997,2281,93.199997
2014-07-30,93.199997,93.599998,92.449997,93.150002,1552,93.150002
2014-07-31,106.5,106.5,91.25,96.5,8726,96.5
2014-08-01,96.5,96.5,88.949997,89.699997,7565,89.699997
2014-08-04,91,95.400002,91,93.349998,14525,93.349998
2014-08-05,94.5,94.5,90.699997,94.449997,4113,94.449997
2014-08-06,93.050003,93.849998,89.949997,91.400002,2147,91.400002
2014-08-07,93.050003,93.050003,90.300003,91.349998,2338,91.349998
2014-08-08,91.5,92.449997,89.050003,89.800003,3426,89.800003
2014-08-11,93.949997,94,90.25,91.449997,1504,91.449997
2014-08-12,91,95,90,92.25,4493,92.25
2014-08-13,91,93.949997,87,87.75,3421,87.75
2014-08-14,87.699997,89.800003,87.199997,88.949997,416,88.949997
2014-08-18,88.949997,91.050003,86,90,6718,90
2014-08-19,89.300003,92.849998,88.5,88.900002,4448,88.900002
2014-08-20,90,90.050003,83,86.050003,5213,86.050003
2014-08-21,89.650002,91.949997,85.550003,88.800003,15380,88.800003
2014-08-22,90.5,95.800003,90.5,91.150002,32419,91.150002
2014-08-25,91.949997,91.949997,87.050003,88.349998,6089,88.349998
2014-08-26,89,92,85.349998,87.599998,5310,87.599998
2014-08-27,88.949997,90,86.099998,86.900002,4562,86.900002
2014-08-28,86,88.800003,85.050003,86.75,2465,86.75
2014-09-01,86.75,90,86.75,88.099998,5952,88.099998
2014-09-02,87.5,90.949997,87,89.099998,4112,89.099998
2014-09-03,89,90,86.400002,88.699997,5653,88.699997
2014-09-04,88,105.900002,86.150002,87.650002,5615,87.650002
2014-09-05,87,89.5,87,88.150002,3465,88.150002
2014-09-08,87,90.5,87,89.849998,4069,89.849998
2014-09-09,89.5,92.900002,88.050003,92.25,5739,92.25
2014-09-10,91.449997,93.5,89.699997,93.050003,4070,93.050003
2014-09-11,93,94,88.25,89.900002,21560,89.900002
2014-09-12,95,95,89.699997,93.150002,4687,93.150002
2014-09-15,93.150002,97,92.050003,96.349998,10211,96.349998
2014-09-16,97.900002,98.550003,91.949997,93.5,10167,93.5
2014-09-17,91,97,89.050003,90.050003,7385,90.050003
2014-09-18,96.900002,96.900002,90.550003,92.449997,3078,92.449997
2014-09-19,92.5,103,92.099998,97.900002,31463,97.900002
2014-09-22,98,114.900002,98,108.300003,68875,108.300003
2014-09-23,115,122.199997,109,111.449997,307264,111.449997
2014-09-24,113.449997,117.699997,110,112.599998,53125,112.599998
2014-09-25,113.900002,114.75,102.75,103.849998,23319,103.849998
2014-09-26,106,106,98,102.099998,12206,102.099998
2014-09-29,107,107,95,98.449997,14626,98.449997
2014-09-30,98,100.5,92.800003,94.650002,13871,94.650002
2014-10-01,95,99.400002,91.550003,93.650002,24790,93.650002
2014-10-07,93.650002,98.900002,92.099998,93.849998,7243,93.849998
2014-10-08,93.050003,96.949997,92,94.550003,8245,94.550003
2014-10-09,102.25,102.25,94.099998,96.449997,3467,96.449997
2014-10-10,95,98,93,96.849998,4699,96.849998
2014-10-13,97,97.150002,95.050003,95.300003,3573,95.300003
2014-10-14,96.949997,97.449997,95.449997,96.400002,1793,96.400002
2014-10-15,96.400002,96.400002,96.400002,96.400002,0,96.400002
2014-10-16,96,97.5,92.050003,93.449997,3304,93.449997
2014-10-17,93,96,93,94.099998,5405,94.099998
2014-10-20,100.699997,100.699997,94.150002,96,1218,96
2014-10-21,100,100,94.099998,95,6293,95
2014-10-22,94,98,94,95.650002,1847,95.650002
2014-10-27,95.650002,100,93.400002,97.650002,14316,97.650002
2014-10-28,97,99.400002,95.150002,96.300003,6163,96.300003
2014-10-29,98.949997,98.949997,95.099998,95.550003,2027,95.550003
2014-10-30,95.599998,96.050003,93.75,94.099998,2191,94.099998
2014-10-31,96,96,91,94.400002,5883,94.400002
2014-11-03,94.5,96.75,93.300003,94.550003,4023,94.550003
2014-11-05,94.550003,94.550003,94.550003,94.550003,0,94.550003
2014-11-07,92.25,92.25,92.25,92.25,0,92.25
2014-11-10,92.050003,93,90,92.400002,2993,92.400002
2014-11-13,96,104,87.650002,95.449997,26619,95.449997
2014-11-18,94,95.5,91.199997,91.949997,8729,91.949997
2014-11-27,87.050003,92.400002,87.050003,90.150002,4099,90.150002
2014-11-28,90,92.800003,88.199997,91.300003,401166,91.300003
2014-12-01,97.949997,103.599998,92.199997,93.300003,203367,93.300003
2014-12-02,93.5,93.5,91.150002,91.5,506106,91.5
2014-12-03,91.5,91.900002,88.199997,88.900002,19934,88.900002
2014-12-04,92,92,87,88.449997,20514,88.449997
2014-12-05,90.800003,90.800003,87.5,88,4395,88
2014-12-08,89.900002,89.900002,85.599998,86.150002,10529,86.150002
2014-12-09,87,88.300003,84.25,85.199997,11111,85.199997
2014-12-10,87.5,87.699997,85.099998,86,7248,86
2014-12-11,86,87.5,85.150002,85.800003,1732,85.800003
2014-12-12,86.800003,89,84,84.650002,7713,84.650002
2014-12-15,85,85,82.5,82.900002,8429,82.900002
2014-12-16,82.900002,82.900002,78.949997,81.050003,14240,81.050003
2014-12-17,85.699997,85.699997,77.050003,79.599998,9342,79.599998
2014-12-18,88,93.699997,79.75,80.800003,10935,80.800003
2014-12-19,80.5,84.75,79,79.900002,12818,79.900002
2014-12-22,80.349998,80.349998,75.650002,76.800003,22110,76.800003
2014-12-23,77,79.449997,75.050003,76,16556,76
2014-12-24,76.099998,81,75.650002,79.099998,12384,79.099998
2014-12-26,79.099998,79.599998,76.800003,77.800003,3967,77.800003
2014-12-29,77.800003,80.099998,77.599998,79.199997,10627,79.199997
2014-12-30,79,81.5,79,81.099998,4864,81.099998
2014-12-31,80.5,84,80,81,1953,81
2015-01-01,81,84.400002,80.800003,83.150002,3568,83.150002
2015-01-02,85,89,83.099998,84.300003,7163,84.300003
2015-01-05,84.099998,84.949997,81,81.099998,2196,81.099998
2015-01-06,81,83.800003,78.699997,79.150002,4668,79.150002
2015-01-07,81.949997,82,79.300003,80,3731,80
2015-01-08,79.550003,82.75,79.550003,80.800003,4032,80.800003
2015-01-09,82.699997,82.699997,79.400002,80,4201,80
2015-01-12,79,80.599998,77.349998,80.449997,1410,80.449997
2015-01-13,80.5,83.900002,80.25,81.650002,7805,81.650002
2015-01-14,81.050003,83.5,80.300003,80.949997,5301,80.949997
2015-01-15,86,88.449997,81.400002,82.349998,4954,82.349998
2015-01-16,82,82.900002,80.050003,81.150002,1864,81.150002
2015-01-19,80.349998,83,80.349998,82.25,6065,82.25
2015-01-20,83.849998,83.849998,81.699997,82.050003,2977,82.050003
2015-01-21,83.900002,88.5,80.699997,83.550003,35170,83.550003
2015-01-22,86.400002,86.400002,83.5,84.75,7508,84.75
2015-01-23,84.050003,84.300003,81.5,82.099998,4671,82.099998
2015-01-27,82.099998,83.849998,76.949997,79.5,29144,79.5
2015-01-28,79.949997,80,78,78,1346,78
2015-01-29,78.050003,79.949997,78.050003,79.449997,1390,79.449997
2015-01-30,80.050003,81.949997,79.150002,80.199997,9457,80.199997
2015-02-02,86,86,79.800003,80.800003,13637,80.800003
2015-02-03,81,82.75,80.5,80.75,2431,80.75
2015-02-04,82.449997,82.449997,80.099998,81.400002,4197,81.400002
2015-02-05,81,84.400002,79.099998,80.400002,12781,80.400002
2015-02-06,80.449997,82.900002,79,79.699997,6485,79.699997
2015-02-09,79.800003,85.400002,78,79.599998,24610,79.599998
2015-02-10,79,80.050003,76.550003,77.949997,20022,77.949997
2015-02-11,79.949997,84.800003,77,77.800003,13072,77.800003
2015-02-12,78.25,79.900002,77.300003,77.949997,4909,77.949997
2015-02-13,79.900002,79.900002,76.099998,77.849998,8763,77.849998
2015-02-16,80.900002,80.900002,77.75,78.300003,5323,78.300003
2015-02-18,78.300003,79.349998,77.050003,78.300003,10814,78.300003
2015-02-19,81.5,81.5,77.699997,78.949997,9267,78.949997
2015-02-20,78.5,79.75,76.25,78.699997,6212,78.699997
2015-02-23,76.25,85.25,76.25,81.699997,35872,81.699997
2015-02-24,81.199997,83.449997,77.699997,78.75,6012,78.75
2015-02-25,78.900002,80,78.199997,79.449997,2365,79.449997
2015-02-26,79,79.75,76.150002,76.75,4481,76.75
2015-02-27,77.550003,78,77.099998,77.900002,6136,77.900002
2015-03-02,79,79.25,75.099998,75.800003,7278,75.800003
2015-03-03,76.949997,77,76,76.199997,3485,76.199997
2015-03-04,76.949997,77,75.300003,75.550003,2112,75.550003
2015-03-05,75.650002,75.650002,73,75,3967,75
2015-03-09,75,75.599998,72.099998,74.599998,5960,74.599998
2015-03-10,74,76.449997,72.5,73.949997,2535,73.949997
2015-03-11,73.5,74.949997,68.699997,71.449997,15546,71.449997
2015-03-12,72.900002,72.900002,70.050003,70.849998,10481,70.849998
2015-03-13,75,75,68.5,68.949997,6137,68.949997
2015-03-16,70,71.050003,66.099998,68.199997,17307,68.199997
2015-03-17,69.5,72,67.300003,70.199997,6884,70.199997
2015-03-18,69.5,72,68.099998,68.849998,6481,68.849998
2015-03-19,73.900002,73.900002,68.25,69.5,7904,69.5
2015-03-20,68.5,71,67,67.900002,5199,67.900002
2015-03-23,67,68.349998,63,64.099998,6536,64.099998
2015-03-24,66.949997,67,62.25,63.849998,4750,63.849998
2015-03-25,65.75,65.75,58,59.599998,16122,59.599998
2015-03-26,59,60.75,50,53.099998,137892,53.099998
2015-03-27,54,55.799999,52.599998,54.299999,112530,54.299999
2015-03-30,56,58.849998,55.5,56,3412,56
2015-03-31,56,56,54,55.099998,6657,55.099998
2015-04-01,55.5,58.200001,55.5,57.799999,2698,57.799999
2015-04-06,57.799999,68.5,57.799999,64.550003,15627,64.550003
2015-04-07,65,67.699997,63,64.800003,7199,64.800003
2015-04-08,65,68.099998,64.550003,67.449997,7342,67.449997
2015-04-09,65.099998,68.900002,65.099998,67.25,5822,67.25
2015-04-10,67,67.900002,64.5,65,9148,65
2015-04-13,66.550003,66.550003,65.199997,65.550003,4463,65.550003
2015-04-15,65.550003,69.849998,65,65.800003,9071,65.800003
2015-04-16,65.25,65.25,62.349998,63.099998,9156,63.099998
2015-04-17,64,65,63.25,63.700001,6651,63.700001
2015-04-20,64,66.75,63,63.349998,3936,63.349998
2015-04-21,64,66.400002,63.049999,64.300003,8620,64.300003
2015-04-22,65,66,64.050003,64.800003,2962,64.800003
2015-04-23,65,66,63.200001,65,7406,65
2015-04-24,65,65.050003,61.75,62.450001,5914,62.450001
2015-04-27,64.949997,64.949997,61.299999,62.650002,7042,62.650002
2015-04-28,63,64,59.549999,61.849998,7761,61.849998
2015-04-29,63.799999,69.400002,62.650002,65.150002,74697,65.150002
2015-04-30,65.099998,66,61.25,63.200001,7607,63.200001
2015-05-04,63.200001,65,63.200001,64.099998,5718,64.099998
2015-05-05,64.349998,65,63.200001,63.799999,4618,63.799999
2015-05-06,64,64.650002,60.5,61.200001,6576,61.200001
2015-05-07,60.75,63,59.700001,60.849998,7971,60.849998
2015-05-08,62,62,59,59.75,6780,59.75
2015-05-11,62,62,59.849998,61.900002,6505,61.900002
2015-05-12,61.549999,62,58.849998,60.099998,15684,60.099998
2015-05-13,60.400002,61.299999,56.599998,58.950001,6477,58.950001
2015-05-14,60,60.75,58.200001,59,1257,59
2015-05-15,59.099998,65,58.5,59.049999,24792,59.049999
2015-05-18,60,67.400002,58.549999,65.400002,32411,65.400002
2015-05-19,65,71.300003,64.050003,64.849998,28871,64.849998
2015-05-20,64.650002,66.199997,62.5,63.75,5998,63.75
2015-05-21,63.349998,64.699997,63.299999,64.349998,2688,64.349998
2015-05-22,67.949997,67.949997,63,65.550003,4062,65.550003
2015-05-25,64,69.349998,64,67,32826,67
2015-05-26,68.900002,71,62.049999,62.75,42197,62.75
2015-05-27,63.549999,65.300003,62,62.400002,13987,62.400002
2015-05-28,64.949997,64.949997,61.299999,62.049999,3569,62.049999
2015-05-29,61.5,64.300003,60.25,62,9850,62
2015-06-01,66.949997,66.949997,61.099998,61.400002,14977,61.400002
2015-06-02,62,62,60.099998,60.299999,4060,60.299999
2015-06-03,58.599998,61.950001,58.599998,60.200001,7146,60.200001
2015-06-04,60,61.400002,59.5,59.950001,4375,59.950001
2015-06-05,59.549999,61.950001,56,58.549999,3287,58.549999
2015-06-08,60,60,58,58.799999,1202,58.799999
2015-06-09,58.299999,60.950001,57.5,58.549999,7573,58.549999
2015-06-10,59.700001,60,58.75,59.950001,5790,59.950001
2015-06-11,59.950001,60,57.200001,58.650002,1596,58.650002
2015-06-12,58,60.25,56.25,57.75,1236,57.75
2015-06-15,60,61.099998,57.849998,59.25,3650,59.25
2015-06-16,59,59.849998,56.150002,56.950001,2333,56.950001
2015-06-17,57,60.049999,57,58.700001,2771,58.700001
2015-06-18,59,59.5,58,58.200001,3443,58.200001
2015-06-19,58.150002,60.25,58.099998,58.700001,1777,58.700001
2015-06-22,59,60,58.700001,59.950001,3402,59.950001
2015-06-23,60,60.5,58.200001,58.650002,2540,58.650002
2015-06-24,59,60,58.549999,59.849998,4393,59.849998
2015-06-25,59.450001,60,58.75,59.950001,2652,59.950001
2015-06-26,59.400002,59.950001,58.450001,58.5,276,58.5
2015-06-29,58,58.25,56,57.599998,3071,57.599998
2015-06-30,58,60,57.849998,60,10770,60
2015-07-01,60.5,63,58.049999,58.75,8266,58.75
2015-07-02,59.950001,60.799999,58.5,58.849998,20439,58.849998
2015-07-03,59.900002,59.950001,57.25,58.900002,6047,58.900002
2015-07-06,58.5,60,56.299999,58.599998,27897,58.599998
2015-07-07,59,61,58.5,59.25,36459,59.25
2015-07-08,59.5,61,58.599998,59.450001,13751,59.450001
2015-07-09,63.900002,64,57.200001,58.450001,29130,58.450001
2015-07-10,59.900002,59.950001,57.049999,58.549999,15410,58.549999
2015-07-13,59.5,59.5,57.5,57.950001,7793,57.950001
2015-07-14,57.700001,59,57.700001,58,6032,58
2015-07-15,59,60,58.200001,59.25,12311,59.25
2015-07-16,59.25,60,57.599998,58.400002,37627,58.400002
2015-07-17,59.400002,59.450001,57.799999,58.150002,18235,58.150002
2015-07-20,58.849998,61,57.5,57.75,159424,57.75
2015-07-21,59,60,56.549999,57.200001,54472,57.200001
2015-07-22,57.5,58.799999,56.549999,58.400002,8364,58.400002
2015-07-23,58,58.849998,57.5,57.900002,19926,57.900002
2015-07-24,58,58,56.700001,57.849998,75453,57.849998
2015-07-27,59,59,56.25,56.450001,9143,56.450001
2015-07-28,57.5,57.900002,56.25,56.549999,27391,56.549999
2015-07-29,56.650002,57.400002,56.150002,56.950001,8464,56.950001
2015-07-30,57,57.700001,56.400002,57,17779,57
2015-07-31,57.049999,57.200001,56,57.099998,11121,57.099998
2015-08-03,57.5,57.5,56,56.849998,25252,56.849998
2015-08-04,58,58.450001,56.75,57.5,13198,57.5
2015-08-05,57.5,57.5,56.450001,56.650002,32958,56.650002
2015-08-06,57,57,54.099998,56.450001,13690,56.450001
2015-08-07,56.450001,56.950001,55.200001,56,28975,56
2015-08-10,56.849998,58.549999,55.900002,56.049999,36285,56.049999
2015-08-11,56.049999,56.5,54.650002,56,48069,56
2015-08-12,56.950001,57,55.200001,56.650002,18231,56.650002
2015-08-13,56,58.400002,56,56.25,23071,56.25
2015-08-14,56.049999,56.5,53,55.799999,32345,55.799999
2015-08-17,55,55.849998,53.299999,54.200001,21889,54.200001
2015-08-18,55,55.5,53.650002,54.049999,9213,54.049999
2015-08-19,53.799999,53.900002,51.400002,52.799999,32367,52.799999
2015-08-20,53.700001,53.700001,52.150002,52.700001,8375,52.700001
2015-08-21,52,52.950001,45.799999,49.099998,50335,49.099998
2015-08-24,48.5,48.900002,40.099998,42.200001,14290,42.200001
2015-08-25,42.549999,49.799999,39,39.950001,47620,39.950001
2015-08-26,41.900002,41.900002,37,39.5,32284,39.5
2015-08-27,41.400002,41.650002,40.549999,40.75,6548,40.75
2015-08-28,41.049999,41.049999,37.700001,38.200001,56250,38.200001
2015-08-31,43.5,43.5,37,37.900002,17309,37.900002
2015-09-01,37.75,40.5,36.5,37.400002,82055,37.400002
2015-09-02,37,38.400002,36.5,36.900002,6733,36.900002
2015-09-03,36.650002,37.900002,35.25,35.599998,39972,35.599998
2015-09-04,35,35.599998,33.099998,34.799999,27833,34.799999
2015-09-07,35,37,34,35.549999,29220,35.549999
2015-09-08,36,36.849998,31.049999,33.200001,141137,33.200001
2015-09-09,34.5,35.900002,32.150002,33,175755,33
2015-09-10,32,34.5,31.5,32,130142,32
2015-09-11,32.599998,35.200001,32.599998,34.099998,448614,34.099998
2015-09-14,36.700001,36.700001,33.5,33.799999,129017,33.799999
2015-09-15,34,34,33,33.400002,50976,33.400002
2015-09-16,34,34,32.200001,32.700001,33368,32.700001
2015-09-18,32.700001,33.950001,31.799999,32.25,147156,32.25
2015-09-21,32.299999,33.700001,31.549999,32.950001,103933,32.950001
2015-09-22,34,34,32.5,32.549999,64228,32.549999
2015-09-23,34.400002,35.799999,33.150002,33.75,1665193,33.75
2015-09-24,34.450001,35.200001,33.549999,34.849998,759936,34.849998
2015-09-28,34.849998,35.400002,33.900002,34.299999,348105,34.299999
2015-09-29,34,34,31.75,33.5,203243,33.5
2015-09-30,33.25,34.700001,32.450001,33.799999,57721,33.799999
2015-10-01,33.5,34.150002,32.75,33.099998,65901,33.099998
2015-10-05,33.099998,36.25,33.099998,35.900002,681287,35.900002
2015-10-06,36.599998,40.400002,35.5,39,1624188,39
2015-10-07,39.650002,39.700001,36.5,37.400002,332405,37.400002
2015-10-08,37.400002,39.25,35.099998,38.5,629434,38.5
2015-10-09,38.099998,40.349998,37.25,37.75,373300,37.75
2015-10-12,38,42.5,37.599998,40.450001,1176103,40.450001
2015-10-13,40.700001,44.400002,40.599998,42.75,1068231,42.75
2015-10-14,43.25,45,42.200001,42.849998,697336,42.849998
2015-10-15,43.299999,44,40.549999,41.950001,418239,41.950001
2015-10-16,42,43,41,41.400002,278634,41.400002
2015-10-19,42,42.25,40.349998,41.5,232572,41.5
2015-10-20,41.75,42.900002,41.049999,42,165829,42
2015-10-21,42.5,42.5,38.400002,39.799999,200270,39.799999
2015-10-23,39.799999,40.599998,38.400002,38.650002,145115,38.650002
2015-10-26,40,41.150002,37.599998,38.75,456564,38.75
2015-10-27,38.549999,39.950001,37.549999,38.25,125477,38.25
2015-10-28,38.5,39.099998,37.799999,38.200001,93410,38.200001
2015-10-29,38,38.900002,37.700001,37.849998,58665,37.849998
2015-10-30,37.75,38.599998,36,36.400002,112396,36.400002
2015-11-02,36.650002,37.400002,36.099998,36.400002,64713,36.400002
2015-11-03,36.599998,37.900002,36.549999,36.900002,56346,36.900002
2015-11-04,37.950001,37.950001,36.099998,36.299999,56403,36.299999
2015-11-05,36.900002,36.900002,33.5,33.849998,107130,33.849998
2015-11-06,34.849998,34.849998,33.450001,34.099998,44958,34.099998
2015-11-09,32.5,36,32.099998,35.75,82341,35.75
2015-11-10,36,36.5,34.75,35.400002,50384,35.400002
2015-11-13,35.400002,35.5,34,34.099998,15479,34.099998
2015-11-16,34.5,34.5,33,33.200001,61961,33.200001
2015-11-17,33.049999,33.900002,32.650002,32.849998,24664,32.849998
2015-11-18,32.849998,32.900002,30.799999,31.4,75661,31.4
2015-11-19,32.849998,32.900002,31.65,32.049999,54183,32.049999
2015-11-20,31.6,32.950001,31.549999,32.099998,46289,32.099998
2015-11-23,32.799999,34.799999,32.799999,33.650002,109560,33.650002
2015-11-24,34,35,33.349998,34.049999,53320,34.049999
2015-11-26,34.049999,35,34,34.150002,44479,34.150002
2015-11-27,34.75,34.75,32.5,32.799999,34133,32.799999
2015-11-30,33,34,32.900002,33,58736,33
2015-12-01,33.049999,37.950001,33.049999,36.549999,601521,36.549999
2015-12-02,36.549999,39.599998,36.549999,38.799999,582068,38.799999
2015-12-03,39.200001,46.400002,38.5,42.349998,1943164,42.349998
2015-12-04,41.849998,47.799999,41.049999,46.150002,1595391,46.150002
2015-12-07,46.900002,48.5,42,43.400002,763891,43.400002
2015-12-08,43.799999,45.150002,42.049999,42.349998,423857,42.349998
2015-12-09,42.75,42.950001,38.5,39.099998,231752,39.099998
2015-12-10,39.25,43,39.150002,42.900002,276961,42.900002
2015-12-11,43.700001,47.150002,43.5,45.900002,1024070,45.900002
2015-12-14,45.400002,50.450001,44.5,50.450001,677267,50.450001
2015-12-15,52.700001,55.450001,49.099998,55.450001,1751819,55.450001
2015-12-16,58.200001,58.200001,57.200001,58.200001,699173,58.200001
2015-12-17,60,60.299999,57.150002,57.799999,1179080,57.799999
2015-12-18,58,59.700001,56,58.150002,581142,58.150002
2015-12-21,58.900002,61.049999,58.700001,61.049999,184516,61.049999
2015-12-22,64.099998,64.099998,64.099998,64.099998,41429,64.099998
2015-12-23,66.650002,67,60.900002,61.25,653799,61.25
2015-12-24,61,61.400002,58.200001,58.849998,321578,58.849998
2015-12-28,58.849998,60.700001,56.150002,58.049999,330825,58.049999
2015-12-29,59.799999,59.799999,56.599998,57.200001,186009,57.200001
2015-12-30,56.049999,58.849998,56.049999,56.650002,133166,56.650002
2015-12-31,56,59.450001,56,59.450001,525597,59.450001
2016-01-01,63.700001,63.700001,59.099998,61.099998,456146,61.099998
2016-01-04,60.400002,61.25,56.150002,58.200001,273390,58.200001
2016-01-05,58,60.700001,57,58.25,244907,58.25
2016-01-06,58.349998,59.900002,56.549999,57.799999,297931,57.799999
2016-01-07,55.25,57.5,53.200001,53.75,155783,53.75
2016-01-08,56.5,56.5,53.400002,54.5,159989,54.5
2016-01-11,53.900002,56.400002,52.700001,54.849998,110961,54.849998
2016-01-12,55.700001,56.099998,50.200001,51.599998,190675,51.599998
2016-01-13,53.200001,53.799999,46.450001,47.549999,287381,47.549999
2016-01-14,47,49.900002,44.25,47.400002,226374,47.400002
2016-01-15,48.75,48.849998,42.75,43.700001,148359,43.700001
2016-01-18,43.5,44.700001,40.400002,41.200001,141852,41.200001
2016-01-19,41,43.25,41,43.25,70905,43.25
2016-01-20,42.200001,44,41.099998,41.099998,187752,41.099998
2016-01-21,41.900002,43.099998,39.650002,40.099998,76107,40.099998
2016-01-22,41,42.099998,41,42.099998,47992,42.099998
2016-01-25,43.900002,44.200001,42.5,44.200001,64325,44.200001
2016-01-27,44.200001,46.400002,44.200001,46.400002,21805,46.400002
2016-01-28,48.700001,48.700001,45.5,47.099998,211965,47.099998
2016-01-29,46,47.900002,45.599998,47.200001,171776,47.200001
2016-02-01,47.299999,48,45.799999,46.049999,20168,46.049999
2016-02-02,46.950001,48,45.75,47.200001,57825,47.200001
2016-02-03,47.200001,47.5,44.849998,45.150002,42668,45.150002
2016-02-04,46,46,43.200001,43.450001,48507,43.450001
2016-02-05,43.25,45,41.049999,43.400002,42217,43.400002
2016-02-08,43.400002,46.099998,43.400002,44.75,33327,44.75
2016-02-09,43.049999,47.299999,43.049999,43.75,133313,43.75
2016-02-10,43.5,44.299999,41.799999,42.549999,58636,42.549999
2016-02-11,42.200001,43.5,38.299999,38.400002,112022,38.400002
2016-02-12,39,42.200001,35.099998,42.049999,203405,42.049999
2016-02-15,43.599998,46.25,43.599998,45.650002,160272,45.650002
2016-02-16,47.5,47.5,42,42.25,112880,42.25
2016-02-17,43.5,43.599998,39.099998,43.049999,70614,43.049999
2016-02-18,43.900002,45.349998,41.349998,42.549999,60796,42.549999
2016-02-19,41.650002,43.5,41.349998,41.799999,69420,41.799999
2016-02-22,42.400002,44.950001,41.5,43.349998,76031,43.349998
2016-02-23,43.599998,44.25,41.599998,42.299999,58419,42.299999
2016-02-24,41.150002,42.650002,40.049999,40.400002,36054,40.400002
2016-02-25,41,41.349998,39.099998,39.5,56918,39.5
2016-02-26,40.049999,41.299999,38.200001,39.200001,31032,39.200001
2016-02-29,39,39.650002,38.049999,38.799999,39694,38.799999
2016-03-01,38,42.650002,37.950001,42.650002,142596,42.650002
2016-03-02,43.049999,45.150002,40.849998,42,122338,42
2016-03-03,42.650002,42.700001,41.5,41.900002,36122,41.900002
2016-03-04,42.799999,48.400002,42.200001,45.849998,290327,45.849998
2016-03-08,45.849998,47.5,44.099998,46.200001,237894,46.200001
2016-03-09,45,47.299999,44.5,46.349998,199967,46.349998
2016-03-10,45.700001,46.400002,44.650002,44.950001,56377,44.950001
2016-03-11,44.950001,46.5,43.849998,44,63953,44
2016-03-14,44.150002,44.75,40.799999,41.75,171950,41.75
2016-03-15,41.75,42.5,40.099998,40.5,92226,40.5
2016-03-16,40.900002,40.900002,39.549999,40.400002,45510,40.400002
2016-03-17,41.099998,41.400002,39.099998,39.599998,95250,39.599998
2016-03-18,39.599998,40.650002,39.5,39.75,42420,39.75
2016-03-21,41.049999,43.400002,41,42.900002,165745,42.900002
2016-03-22,42.650002,43.700001,42,42.549999,130401,42.549999
2016-03-23,42.450001,42.799999,41.200001,41.5,70619,41.5
2016-03-28,41.5,41.849998,39.700001,40.049999,43723,40.049999
2016-03-29,40.5,41.200001,39.299999,39.5,46960,39.5
2016-03-30,40,40.75,36.75,40.299999,44282,40.299999
2016-03-31,40.049999,40.700001,39.049999,39.599998,48035,39.599998
2016-04-01,40.400002,42.400002,39.599998,41.799999,60104,41.799999
2016-04-04,42.75,43.150002,41.5,42.900002,41134,42.900002
2016-04-05,42.549999,42.549999,40.950001,41.099998,54437,41.099998
2016-04-06,41.150002,42.200001,41.099998,41.799999,30459,41.799999
2016-04-07,42.099998,42.25,41.049999,41.849998,19109,41.849998
2016-04-08,41.599998,43.299999,41.549999,42.450001,98564,42.450001
2016-04-11,42.900002,43.950001,42,42.400002,123809,42.400002
2016-04-12,43.400002,44.25,43,43.799999,71097,43.799999
2016-04-13,44.25,46.799999,43.799999,45.549999,300069,45.549999
2016-04-18,45.549999,45.900002,44.099998,44.549999,26045,44.549999
2016-04-20,44.549999,45.650002,43.650002,44.650002,69400,44.650002
2016-04-21,45.299999,47,45.049999,45.25,122163,45.25
2016-04-22,45.5,46,44.599998,44.799999,42287,44.799999
2016-04-25,44.400002,45.200001,42.799999,43.099998,37474,43.099998
2016-04-26,42.799999,43.900002,42.099998,43.25,41580,43.25
2016-04-27,43.299999,44.700001,43.299999,43.75,31200,43.75
2016-04-28,43.099998,44.400002,42.200001,42.650002,46816,42.650002
2016-04-29,42.700001,43.349998,41.900002,42.799999,27593,42.799999
2016-05-02,43,43.400002,40.799999,42.099998,32660,42.099998
2016-05-03,42.400002,42.900002,41.25,41.799999,28238,41.799999
2016-05-04,42.299999,45,40.900002,42.950001,99928,42.950001
2016-05-05,42.799999,43.349998,42.349998,42.75,31625,42.75
2016-05-06,42.900002,44,42.299999,42.950001,109437,42.950001
2016-05-09,42.599998,43.5,42.5,42.799999,24053,42.799999
2016-05-10,43.200001,43.200001,41,41.549999,30426,41.549999
2016-05-11,40,41.650002,40,40.650002,35950,40.650002
2016-05-12,41,42.900002,40,40.400002,60476,40.400002
2016-05-13,40.799999,41.349998,36,37.599998,209216,37.599998
2016-05-16,38.400002,39.900002,37.450001,39.299999,52112,39.299999
2016-05-17,40,40.549999,39.25,39.450001,41209,39.450001
2016-05-18,39.049999,40,38.799999,39.150002,42073,39.150002
2016-05-19,39.5,40,37.5,37.75,41729,37.75
2016-05-20,38.150002,38.5,37.25,37.549999,37158,37.549999
2016-05-23,37.900002,38.400002,37,37.299999,45131,37.299999
2016-05-24,33,34.900002,33,33.549999,245191,33.549999
2016-05-25,34,34,32,32.75,78933,32.75
2016-05-26,33.950001,34,32.200001,32.450001,44252,32.450001
2016-05-27,33,34.200001,33,33.650002,44084,33.650002
2016-05-30,33.650002,34.150002,32.049999,32.5,52157,32.5
2016-05-31,33.700001,34.700001,32.599998,32.849998,127698,32.849998
2016-06-01,33.799999,33.799999,32.849998,33.25,35751,33.25
2016-06-02,33,33.400002,32.5,32.799999,26829,32.799999
2016-06-03,33.150002,33.299999,32.400002,32.599998,41214,32.599998
2016-06-06,32.599998,32.900002,30.299999,31,80821,31
2016-06-07,31.9,32.5,30.9,31,87056,31
2016-06-08,31,32.349998,30.5,32.200001,57666,32.200001
2016-06-09,32.849998,33.099998,32,32.900002,39984,32.900002
2016-06-10,33.25,34.349998,32.799999,33.700001,71358,33.700001
2016-06-13,33.200001,33.450001,32.650002,33.200001,35510,33.200001
2016-06-14,32.700001,34,32.5,33.200001,33965,33.200001
2016-06-15,33.049999,34.799999,32.75,34.200001,72479,34.200001
2016-06-16,34.5,34.5,33.200001,34,52555,34
2016-06-17,34.5,35.200001,34.099998,34.549999,74329,34.549999
2016-06-20,33.700001,35.299999,33.700001,34.5,45469,34.5
2016-06-21,34.650002,34.950001,33.799999,34.400002,28867,34.400002
2016-06-22,34.75,34.75,33.5,33.799999,32584,33.799999
2016-06-23,34.299999,34.299999,33.349998,33.75,15299,33.75
2016-06-24,31.5,35.200001,31.049999,33.299999,94588,33.299999
2016-06-27,33.099998,39,33,37.150002,407342,37.150002
2016-06-28,37.299999,40,37.299999,39.049999,310963,39.049999
2016-06-29,39.700001,41.25,38.5,39.700001,175620,39.700001
2016-06-30,39.950001,41.200001,39,39.549999,116526,39.549999
2016-07-01,39.900002,40,38.400002,38.450001,53407,38.450001
2016-07-04,37.5,39.700001,37.5,38.25,53594,38.25
2016-07-05,38.349998,38.650002,37.450001,37.599998,36944,37.599998
2016-07-07,37.599998,38.5,37.299999,38,46804,38
2016-07-08,38,38,36.549999,36.849998,54882,36.849998
2016-07-11,38.5,38.799999,37.5,37.75,39137,37.75
2016-07-12,35.599998,37.799999,35.599998,37.150002,19573,37.150002
2016-07-13,37.849998,37.849998,36.75,37.25,175576,37.25
2016-07-14,37.900002,41.25,37.900002,39.849998,459879,39.849998
2016-07-15,39.900002,39.900002,38.099998,38.450001,87875,38.450001
2016-07-18,37.700001,39.349998,37.700001,38.5,45780,38.5
2016-07-19,38.849998,39,37.5,38.099998,28306,38.099998
2016-07-20,38.5,38.5,37,37.200001,61671,37.200001
2016-07-21,38.400002,38.400002,36.700001,37,50256,37
2016-07-22,37.25,39,36.549999,37.650002,92602,37.650002
2016-07-25,37,38.900002,37,37.599998,87267,37.599998
2016-07-26,37.099998,37.849998,36.25,36.549999,50439,36.549999
2016-07-27,37.049999,38.950001,36.25,37.799999,102416,37.799999
2016-07-28,38.400002,38.400002,33.299999,36.75,107625,36.75
2016-07-29,36.900002,39.299999,36.5,38.150002,132106,38.150002
2016-08-01,38,38.450001,36.650002,37.150002,94804,37.150002
2016-08-02,36.799999,37.700001,36.799999,37.25,28903,37.25
2016-08-03,37,37,34.5,36,63438,36
2016-08-04,37.400002,37.400002,35,35.200001,46662,35.200001
2016-08-05,35.099998,36.900002,35.099998,36.349998,52336,36.349998
2016-08-08,36.700001,36.700001,35.5,35.650002,23503,35.650002
2016-08-09,36.400002,37.599998,34.549999,36.849998,100357,36.849998
2016-08-10,37.349998,37.349998,35.200001,35.450001,60655,35.450001
2016-08-11,35.299999,37.299999,35.299999,35.549999,99031,35.549999
2016-08-12,35.75,36.450001,35.150002,35.299999,34636,35.299999
2016-08-16,35.299999,35.75,34.650002,34.900002,27291,34.900002
2016-08-17,34.900002,36.799999,34.900002,35.549999,20414,35.549999
2016-08-18,35.549999,35.900002,34.799999,35.75,25527,35.75
2016-08-19,35.150002,36.75,34.75,35.049999,31112,35.049999
2016-08-22,37.900002,42.049999,37,40.450001,1024732,40.450001
2016-08-23,41.099998,44,40.650002,41.650002,468543,41.650002
2016-08-24,42.950001,42.950001,40.599998,42,152745,42
2016-08-25,41.950001,42.75,40.049999,40.700001,129787,40.700001
2016-08-26,41,42,40.200001,41.700001,102030,41.700001
2016-08-29,42,42.5,41.150002,41.700001,61999,41.700001
2016-08-30,42,42.299999,41.099998,41.650002,59087,41.650002
2016-08-31,42,42.5,41.700001,42.299999,73548,42.299999
2016-09-01,42.5,46,41.700001,43.950001,240168,43.950001
2016-09-02,44,46,42.25,42.75,103120,42.75
2016-09-06,42.75,42.75,35.549999,37.950001,372961,37.950001
2016-09-07,38.549999,40,38,38.599998,148094,38.599998
2016-09-08,38.150002,39.5,38.150002,38.450001,47921,38.450001
2016-09-09,38.5,38.799999,35.799999,37.900002,70082,37.900002
2016-09-12,36.599998,38.599998,36.599998,37.299999,96187,37.299999
2016-09-14,37.299999,44.700001,37.299999,42.900002,884826,42.900002
2016-09-15,43.200001,45.950001,42.5,43.549999,604455,43.549999
2016-09-16,43.75,44.049999,41.049999,41.650002,138328,41.650002
2016-09-19,42.799999,43.599998,41,41.450001,80511,41.450001
2016-09-20,41.950001,42.099998,40,40.799999,54312,40.799999
2016-09-21,43.5,43.5,41.349998,42.450001,159028,42.450001
2016-09-22,44,44,42.349998,42.75,85473,42.75
2016-09-23,43.450001,43.450001,41.099998,42.5,48618,42.5
2016-09-26,43.450001,43.450001,41.549999,41.75,40306,41.75
2016-09-27,42.5,42.700001,41.299999,41.75,38008,41.75
2016-09-28,43.450001,44,42.200001,42.700001,135537,42.700001
2016-09-29,42.549999,43.5,38.200001,39.099998,134509,39.099998
2016-09-30,40.450001,42.5,39.5,40.200001,98700,40.200001
2016-10-03,41.900002,41.900002,40.549999,41.599998,44148,41.599998
2016-10-04,42.25,42.299999,38.650002,40.700001,69292,40.700001
2016-10-05,41.099998,41.900002,41.099998,41.450001,45084,41.450001
2016-10-06,41.900002,43.75,41.099998,42.099998,109633,42.099998
2016-10-07,44.299999,44.75,40.099998,43.900002,288630,43.900002
2016-10-10,44,50,43.700001,47.75,1368892,47.75
2016-10-13,47.75,50.25,46.099998,47.549999,615824,47.549999
2016-10-14,47.549999,48.5,46.200001,46.450001,169516,46.450001
2016-10-17,46.849998,46.900002,44.5,45.049999,87815,45.049999
2016-10-18,45.75,47,45.200001,45.849998,116429,45.849998
2016-10-19,46.349998,46.549999,44.25,44.700001,108514,44.700001
2016-10-20,45.799999,48.349998,44.599998,47.200001,390662,47.200001
2016-10-21,47.450001,47.849998,46.099998,46.700001,122557,46.700001
2016-10-24,47.349998,48.25,45.549999,47.049999,204053,47.049999
2016-10-25,47.75,47.75,46.150002,46.650002,58064,46.650002
2016-10-26,46.700001,49.5,45.799999,48.650002,223493,48.650002
2016-10-27,48.599998,50.299999,47,48.349998,179230,48.349998
2016-10-28,47.5,49.299999,47.150002,47.599998,191791,47.599998
2016-11-01,47.599998,47.950001,46.200001,46.349998,75203,46.349998
2016-11-02,46,46.299999,44.450001,44.900002,76567,44.900002
2016-11-03,45.299999,46.200001,44.5,44.700001,54835,44.700001
2016-11-04,44.75,44.75,37.5,41.549999,123185,41.549999
2016-11-07,41.599998,44.400002,41.599998,42.900002,53776,42.900002
2016-11-08,44,44,42.049999,42.200001,30615,42.200001
2016-11-09,39,42.5,37.200001,41.450001,106997,41.450001
2016-11-10,42.200001,43.25,42,42.349998,73790,42.349998
2016-11-11,42,42,40,40.700001,64113,40.700001
2016-11-15,40.700001,40.700001,35.700001,36.900002,115619,36.900002
2016-11-16,38.900002,39,36.900002,37.849998,96540,37.849998
2016-11-17,38.950001,38.950001,36.75,37.950001,100200,37.950001
2016-11-18,37.5,38.400002,36.75,37.900002,48337,37.900002
2016-11-21,38.349998,38.349998,37.049999,37.349998,32909,37.349998
2016-11-22,38.599998,38.599998,35.5,36.900002,34691,36.900002
2016-11-23,36.75,37.099998,36.099998,36.900002,41008,36.900002
2016-11-24,36.849998,37.25,36,36.349998,39364,36.349998
2016-11-25,36.349998,37.900002,36.150002,37.700001,20741,37.700001
2016-11-28,37.049999,37.950001,36.75,37,21287,37
2016-11-29,37.950001,37.950001,36.549999,37.5,30423,37.5
2016-11-30,38.349998,38.349998,37.400002,37.950001,14131,37.950001
2016-12-01,38.5,40.799999,37.299999,37.700001,118238,37.700001
2016-12-02,38.150002,38.25,35.400002,37.200001,35780,37.200001
2016-12-05,37.950001,37.950001,36.599998,37.299999,20879,37.299999
2016-12-06,37.950001,37.950001,37,37.200001,20317,37.200001
2016-12-07,37.799999,44.599998,37,38.5,291898,38.5
2016-12-08,39.799999,40.400002,38.700001,39.849998,64975,39.849998
2016-12-09,41.700001,42.5,38.799999,41.549999,150791,41.549999
2016-12-12,41.349998,42,39.599998,41.25,1204569,41.25
2016-12-13,41.200001,41.849998,40.200001,40.599998,52394,40.599998
2016-12-14,40.25,41.200001,39.599998,39.799999,33878,39.799999
2016-12-15,39.549999,41.25,39.549999,40.400002,45284,40.400002
2016-12-16,40.5,41.5,38.099998,40.650002,109905,40.650002
2016-12-19,40.950001,44.5,37.450001,40.450001,270796,40.450001
2016-12-20,40.299999,40.849998,39.450001,39.650002,17034,39.650002
2016-12-21,40.200001,40.200001,38.299999,39.400002,91527,39.400002
2016-12-22,39.200001,39.200001,38,38.200001,45707,38.200001
2016-12-23,38,38.200001,37.5,37.650002,25494,37.650002
2016-12-26,38.5,38.5,36.299999,36.5,31458,36.5
2016-12-27,36.099998,37.299999,36.099998,36.849998,15013,36.849998
2016-12-28,37.599998,37.75,36.849998,36.950001,19312,36.950001
2016-12-29,38,38,37,37.150002,10440,37.150002
2016-12-30,37.950001,37.950001,37.400002,37.700001,16554,37.700001
2017-01-02,37.950001,38.299999,37.5,38.099998,13947,38.099998
2017-01-03,37.950001,39.200001,37.950001,38.5,21869,38.5
2017-01-04,38.75,39.400002,38.5,38.700001,17184,38.700001
2017-01-05,39.349998,39.75,39.099998,39.299999,30726,39.299999
2017-01-06,39.200001,39.799999,38.650002,38.849998,15673,38.849998
2017-01-09,38.849998,39.900002,38.700001,39.849998,22126,39.849998
2017-01-10,39.950001,42.400002,39.25,40.900002,124146,40.900002
2017-01-11,41,41.349998,39.799999,40.049999,69748,40.049999
2017-01-12,40,40.700001,39.099998,39.450001,17898,39.450001
2017-01-13,39.049999,40.200001,38.799999,39.049999,51283,39.049999
2017-01-16,39.700001,40.900002,39.099998,39.799999,75356,39.799999
2017-01-17,39.75,40.450001,39.5,39.700001,17279,39.700001
2017-01-18,39.400002,40.400002,39.400002,39.599998,19848,39.599998
2017-01-19,39.599998,40.25,39.200001,39.25,14115,39.25
2017-01-20,39.799999,39.799999,38.75,38.900002,16196,38.900002
2017-01-23,40.200001,40.25,39.200001,40,40948,40
2017-01-24,41.5,43.849998,41,42,290995,42
2017-01-25,42.5,43.200001,39.599998,40.5,48277,40.5
2017-01-27,40.5,41.599998,40.5,40.849998,21980,40.849998
2017-01-30,40.150002,41,40.099998,40.200001,34747,40.200001
2017-01-31,40.200001,40.5,39.5,39.549999,23493,39.549999
2017-02-01,40,40,38.799999,39.25,28939,39.25
2017-02-02,40,40,38,39,34427,39
2017-02-03,39.400002,39.950001,38.900002,39.5,22301,39.5
2017-02-06,39.150002,40.799999,39.150002,40.150002,31132,40.150002
2017-02-07,40.400002,43.299999,39.450001,41.849998,170800,41.849998
2017-02-08,42.150002,43,40.5,42.049999,63789,42.049999
2017-02-09,42.599998,42.599998,41,41.700001,30977,41.700001
2017-02-10,42.400002,48.700001,40.099998,45.450001,552550,45.450001
2017-02-13,43,45.049999,42,42.099998,143243,42.099998
2017-02-14,42.099998,42.099998,40.599998,40.700001,60169,40.700001
2017-02-15,41,43,40,41.150002,115208,41.150002
2017-02-16,40.5,44,40.5,41.900002,58565,41.900002
2017-02-17,42.799999,42.799999,41,41.5,17941,41.5
2017-02-20,42.650002,42.700001,41.150002,41.799999,32481,41.799999
2017-02-21,42.599998,43.700001,41.25,43.349998,83839,43.349998
2017-02-22,43.450001,44,42.5,43.200001,53148,43.200001
2017-02-23,42.299999,43.299999,40.700001,41.150002,150982,41.150002
2017-02-27,41.150002,42.299999,40.099998,40.700001,23810,40.700001
2017-02-28,41.650002,41.799999,40.599998,41.150002,23769,41.150002
2017-03-01,41.25,41.700001,40.75,41,28269,41
2017-03-02,41.599998,41.700001,40.5,40.599998,27103,40.599998
2017-03-03,40.599998,40.599998,40,40.299999,27912,40.299999
2017-03-06,41.049999,41.299999,40.299999,40.349998,10277,40.349998
2017-03-07,41,41,39,39.900002,25043,39.900002
2017-03-08,39.900002,40.650002,39.049999,39.5,22239,39.5
2017-03-09,39.25,39.950001,38.5,38.700001,39628,38.700001
2017-03-10,39.900002,39.900002,38.700001,39.099998,29470,39.099998
2017-03-14,39.099998,40.5,38.650002,38.799999,46467,38.799999
2017-03-15,38.75,38.75,37.5,37.799999,70131,37.799999
2017-03-16,38.75,39.299999,36.200001,38.900002,110801,38.900002
2017-03-17,38.799999,39.900002,38.75,39.549999,36932,39.549999
2017-03-20,39,40.549999,39,39.849998,73020,39.849998
2017-03-21,40,40.849998,39.5,40.25,86289,40.25
2017-03-22,40,40.5,38.799999,38.900002,32112,38.900002
2017-03-23,39.5,39.799999,38.200001,39.25,28765,39.25
2017-03-24,39.25,39.549999,38.75,39,16967,39
2017-03-27,39.299999,40.5,38.150002,38.549999,28164,38.549999
2017-03-28,39.700001,39.700001,38.75,38.849998,18961,38.849998
2017-03-29,39.450001,39.450001,38.349998,38.400002,38041,38.400002
2017-03-30,38.5,39,38.349998,38.549999,33021,38.549999
2017-03-31,39.400002,39.400002,38.049999,38.25,33008,38.25
2017-04-03,38.150002,39.299999,38.150002,39,16346,39
2017-04-05,39,40.700001,39,39.799999,63516,39.799999
2017-04-06,40.450001,40.5,39.049999,39.75,47843,39.75
2017-04-07,39.849998,40.200001,39.400002,39.450001,28154,39.450001
2017-04-10,41,41,39.799999,40.450001,117752,40.450001
2017-04-11,40.5,42.099998,40,41.700001,82548,41.700001
2017-04-12,41.5,42,40,41.200001,44801,41.200001
2017-04-13,41.200001,41.200001,40.400002,40.900002,34873,40.900002
2017-04-17,40.900002,44.849998,40.5,43.450001,197635,43.450001
2017-04-18,43.049999,44.150002,41,41.400002,59202,41.400002
2017-04-19,41,46,40.099998,42.400002,341530,42.400002
2017-04-20,43.349998,43.700001,42.799999,43.450001,40812,43.450001
2017-04-21,44.450001,44.900002,42.549999,43.150002,74555,43.150002
2017-04-24,44.799999,44.799999,42.799999,43.349998,65796,43.349998
2017-04-25,44.099998,45.900002,43,43.299999,244974,43.299999
2017-04-26,44.450001,44.450001,42.599998,43.099998,51987,43.099998
2017-04-27,43.099998,43.599998,42.5,42.900002,35541,42.900002
2017-04-28,44.299999,44.299999,42.150002,42.450001,50864,42.450001
2017-05-02,42.450001,42.75,41.25,41.650002,37491,41.650002
2017-05-03,41.700001,42.549999,40.549999,40.900002,47548,40.900002
2017-05-04,41.900002,41.900002,40.5,40.75,43005,40.75
2017-05-05,41.200001,41.200001,39.5,39.650002,62253,39.650002
2017-05-08,40.799999,40.799999,39.75,39.950001,30531,39.950001
2017-05-09,40.549999,40.549999,39.299999,39.75,31443,39.75
2017-05-10,39.75,40.700001,37.75,38.849998,163003,38.849998
2017-05-11,38.5,39.700001,38.5,39.400002,28825,39.400002
2017-05-12,39.75,39.75,38.75,39.400002,31501,39.400002
2017-05-15,39.900002,39.900002,38.5,39.400002,23761,39.400002
2017-05-16,39.150002,39.650002,38.549999,38.849998,27734,38.849998
2017-05-17,39.700001,39.75,38.700001,39.049999,22438,39.049999
2017-05-18,39,39.400002,38.700001,39.200001,23987,39.200001
2017-05-19,41,41,38.150002,38.700001,33554,38.700001
2017-05-22,36.549999,37,32.5,33,590079,33
2017-05-23,33,33,30.5,31.75,185096,31.75
2017-05-24,31.549999,32.900002,30.299999,30.65,63509,30.65
2017-05-25,30.65,30.9,28.5,29.049999,139515,29.049999
2017-05-26,28.5,31.85,28.5,31.15,184142,31.15
2017-05-29,31.5,33.75,29.15,31.25,352008,31.25
2017-05-30,31.15,31.15,28.1,28.9,193038,28.9
2017-05-31,29.299999,29.6,28.5,28.75,59301,28.75
2017-06-01,28.5,29.35,28.5,28.65,57131,28.65
2017-06-02,29.4,29.4,28.4,28.6,53620,28.6
2017-06-05,29.200001,31.4,29.200001,29.9,350968,29.9
2017-06-06,30.450001,30.450001,28.799999,28.950001,80499,28.950001
2017-06-07,29.5,30.1,28.5,29.1,63115,29.1
2017-06-08,29.1,29.700001,27.5,28.15,60585,28.15
2017-06-09,28.049999,28.65,27.25,27.549999,48330,27.549999
2017-06-12,28.5,29,27.5,27.700001,59757,27.700001
2017-06-13,27.75,28.200001,27,27.1,45573,27.1
2017-06-14,27.5,27.65,26.299999,26.549999,68306,26.549999
2017-06-15,26.15,27.299999,26.15,26.799999,34984,26.799999
2017-06-16,27.299999,27.299999,26,26.4,34330,26.4
2017-06-19,26.299999,27.950001,26.299999,26.799999,43943,26.799999
2017-06-20,26.950001,27.4,26.4,26.65,29012,26.65
2017-06-21,26.25,27.299999,26.25,27.15,47033,27.15
2017-06-22,28,28,26.75,26.950001,29418,26.950001
2017-06-23,26.6,27.049999,26.4,26.6,26508,26.6
2017-06-27,26.6,26.75,23.5,25.65,78953,25.65
2017-06-28,25.25,25.85,25,25.25,18515,25.25
2017-06-29,25.25,25.85,24.65,25.549999,31862,25.549999
2017-06-30,25.549999,26.4,25.200001,26.15,22590,26.15
2017-07-03,25.75,27,25.75,26.799999,25236,26.799999
2017-07-04,26.9,27,25.5,26.25,30503,26.25
2017-07-05,26.5,27.65,26,27.299999,36932,27.299999
2017-07-06,27.4,29.200001,27.4,28.15,50067,28.15
2017-07-07,28,28.4,26.25,27.25,42706,27.25
2017-07-10,27.5,27.700001,27,27.299999,6936,27.299999
2017-07-11,27.200001,27.700001,27,27.15,31395,27.15
2017-07-12,27.049999,27.200001,26.75,26.85,21876,26.85
2017-07-13,27.25,27.25,26.200001,26.6,36973,26.6
2017-07-14,26.15,27,26,26.700001,49147,26.700001
2017-07-17,26.950001,26.950001,25.1,26.35,28463,26.35
2017-07-18,26.200001,26.799999,25.65,26.4,19984,26.4
2017-07-19,26,26.9,25.15,26.4,31169,26.4
2017-07-20,26.1,27.9,25.75,27.450001,99368,27.450001
2017-07-21,27.35,32.900002,27.35,32.049999,1078354,32.049999
2017-07-24,32.650002,33.5,31,31.65,222128,31.65
2017-07-25,32,32.900002,29.15,31.9,262641,31.9
2017-07-26,31.35,34.799999,31.15,32.849998,513353,32.849998
2017-07-27,33,33.450001,30.6,31.15,67472,31.15
2017-07-28,31.549999,32.400002,30.9,31.5,51937,31.5
2017-07-31,31.700001,33.25,31.35,31.75,91343,31.75
2017-08-01,32.099998,32.349998,31.5,31.6,29846,31.6
2017-08-02,31,31.85,30.15,30.450001,84151,30.450001
2017-08-03,30.299999,32.25,29.4,30.35,68924,30.35
2017-08-04,30.5,32,30.5,30.65,60799,30.65
2017-08-07,30.65,31.25,29.6,30.15,39349,30.15
2017-08-08,30.9,30.9,29.299999,29.450001,26788,29.450001
2017-08-09,29,29,25.799999,26.950001,184411,26.950001
2017-08-10,26.5,27.700001,25.1,26.200001,63081,26.200001
2017-08-11,24.549999,25.65,24,25.1,117444,25.1
2017-08-14,25.5,27.700001,25.5,27.1,49730,27.1
2017-08-16,27.1,28.15,27.049999,27.75,28338,27.75
2017-08-17,28.25,28.4,27.450001,27.9,19524,27.9
2017-08-18,27.799999,27.799999,26.5,27.15,27504,27.15
2017-08-21,27.9,28.4,26.85,27.450001,31153,27.450001
2017-08-22,28,28,27.25,27.4,6404,27.4
2017-08-23,26.200001,27.15,26.200001,26.6,16667,26.6
2017-08-24,26.15,27,26.049999,26.15,58093,26.15
2017-08-28,26.15,27.25,25.85,26.15,73483,26.15
2017-08-29,26,26.450001,26,26.049999,14324,26.049999
2017-08-30,26.200001,26.65,26.049999,26.15,20720,26.15
2017-08-31,26.700001,26.700001,26.049999,26.4,10605,26.4
2017-09-01,26.450001,27.049999,26.200001,26.5,38628,26.5
2017-09-04,26.200001,26.799999,26.049999,26.4,19746,26.4
2017-09-05,26.85,27.9,26.6,26.85,51429,26.85
2017-09-06,26.700001,28.799999,26.700001,27.5,70177,27.5
2017-09-07,28.25,28.9,26.85,28.450001,224118,28.450001
2017-09-08,29.1,30.25,28.85,29.049999,135340,29.049999
2017-09-11,29.299999,31.5,29.299999,30.15,256773,30.15
2017-09-12,30.75,30.75,29.200001,29.6,68469,29.6
2017-09-13,29.700001,30,28.299999,28.65,55866,28.65
2017-09-14,28.5,29.049999,28.299999,28.700001,26865,28.700001
2017-09-15,28.5,29.299999,27.4,28.549999,52925,28.549999
2017-09-18,28.950001,29.25,28.1,28.799999,43739,28.799999
2017-09-19,29.5,29.65,28.299999,28.5,49726,28.5
2017-09-20,29.35,29.35,28.4,28.450001,35171,28.450001
2017-09-21,28.799999,29,27.700001,28.5,57728,28.5
2017-09-22,29.15,29.9,27.5,28.5,87883,28.5
2017-09-25,28.200001,28.200001,27.049999,27.799999,23906,27.799999
2017-09-26,28,28.450001,27.549999,27.799999,23054,27.799999
2017-09-27,28.049999,28.299999,26.799999,27.15,15243,27.15
2017-09-28,26.299999,27.9,26.299999,27.200001,16639,27.200001
2017-09-29,27.700001,27.9,27.1,27.15,24557,27.15
2017-10-03,27.15,27.65,26.5,26.799999,115901,26.799999
2017-10-04,27,27.65,26.65,26.85,93839,26.85
2017-10-05,26.700001,27.85,26.700001,27.549999,91237,27.549999
2017-10-06,27.950001,30,27.1,28.700001,503213,28.700001
2017-10-09,30.35,31.5,28.35,28.549999,1036827,28.549999
2017-10-10,28.549999,33,27.35,29.299999,678401,29.299999
2017-10-11,28.75,29,27.799999,28.450001,298794,28.450001
2017-10-12,28.799999,28.85,27.5,28,238568,28
2017-10-13,28.049999,28.6,27.4,27.700001,196802,27.700001
2017-10-16,28.200001,28.6,26.700001,26.9,334555,26.9
2017-10-17,27.6,28.200001,26.85,26.950001,756071,26.950001
2017-10-18,26.75,26.75,25.35,25.450001,529218,25.450001
2017-10-19,25.700001,25.700001,24.799999,25.15,90154,25.15
2017-10-23,25.15,26.299999,24.299999,25.25,264157,25.25
2017-10-24,25.5,26.200001,23.85,24.049999,1243275,24.049999
2017-10-25,24.4,24.700001,23.35,23.700001,372479,23.700001
2017-10-26,23.5,23.950001,22.15,22.5,332844,22.5
2017-10-27,22.299999,22.799999,21.5,22.35,198459,22.35
2017-10-30,22.4,23.5,22.1,22.549999,324956,22.549999
2017-10-31,22.85,22.85,22.1,22.200001,76417,22.200001
2017-11-01,22.5,22.65,21.9,22.1,80515,22.1
2017-11-02,22.450001,22.450001,21.700001,22.1,59983,22.1
2017-11-03,22.1,22.35,21.75,21.950001,79297,21.950001
2017-11-06,21.799999,23.4,21.799999,22.4,246591,22.4
2017-11-07,22.65,22.65,21.799999,21.85,62963,21.85
2017-11-08,22,22.299999,21.5,21.85,82573,21.85
2017-11-09,22.200001,22.299999,20.799999,21.25,142898,21.25
2017-11-10,21.25,21.5,20.5,21,90862,21
2017-11-13,21.4,21.5,20.700001,21,71288,21
2017-11-14,21.5,23.65,21.1,23.4,818122,23.4
2017-11-15,23.4,24.6,20.4,23.450001,717981,23.450001
2017-11-16,23.5,23.9,21.200001,21.799999,342423,21.799999
2017-11-17,22,23.1,21.4,21.65,273449,21.65
2017-11-20,21.85,22.6,21.1,21.950001,665363,21.950001
2017-11-21,22.1,22.1,20.4,20.700001,1232998,20.700001
2017-11-22,20.15,20.15,17.6,18.799999,1086315,18.799999
2017-11-23,19.200001,19.25,17.9,18.950001,438743,18.950001
2017-11-24,19,22.5,18.85,22.15,1584595,22.15
2017-11-27,22.799999,23.9,22,23,1239500,23
2017-11-28,23,23.35,21.35,21.950001,705630,21.950001
2017-11-29,21.799999,22.6,21.4,21.6,227833,21.6
2017-11-30,20.1,20.700001,18.549999,20.200001,614525,20.200001
2017-12-01,20.5,20.799999,19.200001,19.549999,316037,19.549999
2017-12-04,19.549999,21,19.5,19.9,341681,19.9
2017-12-05,20.25,20.4,19.799999,20.200001,160744,20.200001
2017-12-06,20.35,20.35,19.5,19.6,116703,19.6
2017-12-07,19.5,20,19.5,19.700001,88205,19.700001
2017-12-08,19.65,20.15,19.6,19.799999,154525,19.799999
2017-12-11,20,20,19.65,19.75,113421,19.75
2017-12-12,19.85,19.85,19.5,19.549999,70538,19.549999
2017-12-13,19.5,19.75,19.200001,19.25,53254,19.25
2017-12-14,19.200001,19.65,18.9,19.049999,77005,19.049999
2017-12-15,19.450001,21.5,19.15,19.450001,89048,19.450001
2017-12-18,19.049999,19.4,18.9,19.1,47383,19.1
2017-12-19,19.1,20.1,19,19.25,567218,19.25
2017-12-20,19.5,19.5,18.5,18.700001,534078,18.700001
2017-12-21,18.6,18.6,16.1,17,1016025,17
2017-12-22,17.4,17.450001,16.35,16.6,629490,16.6
2017-12-26,16.6,17.200001,16.25,16.549999,525926,16.549999
2017-12-27,16.5,17.25,16.5,17.1,409215,17.1
2017-12-28,17.5,17.5,16.799999,16.9,297080,16.9
2017-12-29,17.4,17.4,16.700001,16.85,197077,16.85
2018-01-01,17.15,17.25,16.75,17.15,190402,17.15
2018-01-02,17.35,17.700001,17,17.25,258968,17.25
2018-01-03,17.35,17.9,17.1,17.65,282225,17.65
2018-01-04,17.9,18.1,17.299999,17.950001,163985,17.950001
2018-01-05,18,18.6,17.75,18.299999,228067,18.299999
2018-01-08,18.799999,19.35,18.4,19.1,366912,19.1
2018-01-09,19.4,21.5,18.15,20.15,1006201,20.15
2018-01-10,20.299999,21.200001,19.9,20.799999,844572,20.799999
2018-01-11,21,21.15,20.049999,20.200001,335291,20.200001
2018-01-12,20.299999,20.299999,19.25,19.6,289858,19.6
2018-01-15,20,21.1,19.25,20.6,692317,20.6
2018-01-16,21.1,21.25,19.5,19.65,426064,19.65
2018-01-17,19.75,19.950001,18.549999,19.1,223400,19.1
2018-01-18,18.799999,19.5,18.6,18.700001,168694,18.700001
2018-01-19,18.950001,19.200001,18.200001,18.5,189194,18.5
2018-01-22,18.200001,18.65,18.15,18.4,109787,18.4
2018-01-23,18.200001,18.450001,17.9,17.950001,130075,17.950001
2018-01-24,18.049999,18.049999,17.299999,17.549999,128620,17.549999
2018-01-25,17.950001,18.200001,17.15,17.85,140252,17.85
2018-01-29,17.85,18,17.049999,17.15,197236,17.15
2018-01-30,17.049999,17.15,16.700001,16.799999,108372,16.799999
2018-01-31,16.549999,17.200001,16.5,17.049999,100269,17.049999
2018-02-01,17.25,17.25,16.6,16.65,126082,16.65
2018-02-02,16.5,16.700001,14.9,15.8,251221,15.8
2018-02-05,16.6,16.6,15,15.5,85750,15.5
2018-02-06,14.8,15,14.5,14.8,118654,14.8
2018-02-07,15.2,15.75,15.2,15.5,73136,15.5
2018-02-08,15.75,16.15,15.6,15.9,57941,15.9
2018-02-09,15.5,16.1,15.5,15.8,59016,15.8
2018-02-12,15.65,16.6,15.65,16.35,71578,16.35
2018-02-14,16.35,16.799999,16.200001,16.25,39831,16.25
2018-02-15,16.200001,16.6,15.45,15.6,86951,15.6
2018-02-16,15.6,15.9,15,15.3,60968,15.3
2018-02-19,15.15,15.4,14.15,14.35,140524,14.35
2018-02-20,14.1,14.1,13,13.25,181935,13.25
2018-02-21,13.25,13.25,12.1,12.45,207848,12.45
2018-02-22,12.4,14.9,11.95,14.9,642851,14.9
2018-02-23,16,17.35,16,16.5,1264325,16.5
2018-02-26,16.5,16.85,15.5,16.200001,313193,16.200001
2018-02-27,16.4,16.4,15.25,15.5,124259,15.5
2018-02-28,15.1,15.4,14.7,14.9,68899,14.9
2018-03-01,14.55,15.35,14.55,14.85,44271,14.85
2018-03-05,14.85,15.3,14.1,14.25,85484,14.25
2018-03-06,14.65,15.15,14,14.5,131593,14.5
2018-03-07,14.2,14.4,13.05,13.45,185465,13.45
2018-03-08,13.45,14.4,13.25,13.55,123365,13.55
2018-03-09,14,14,12.5,12.9,129168,12.9
2018-03-12,12.85,13,12.2,12.55,94634,12.55
2018-03-13,12.35,13.1,12.25,12.9,225244,12.9
2018-03-14,12.9,12.95,12.3,12.4,111283,12.4
2018-03-15,12.75,12.75,12.3,12.45,111553,12.45
2018-03-16,12.5,14.5,12.25,13.65,385131,13.65
2018-03-19,13.55,14.4,12.95,13.05,151416,13.05
2018-03-20,12.65,13.3,12.65,12.95,114235,12.95
2018-03-21,13.1,13.3,11.95,12.4,202184,12.4
2018-03-22,12.95,13,12.35,12.5,51183,12.5
2018-03-23,12.1,12.3,12,12.15,91657,12.15
2018-03-26,12.2,12.95,12,12.1,115410,12.1
2018-03-27,12.25,12.65,11.95,12.25,115812,12.25
2018-03-28,12.1,12.4,11.8,11.85,119871,11.85
2018-04-02,11.85,12.4,11.7,12,72812,12
2018-04-03,12.1,12.15,11.8,12.05,43302,12.05
2018-04-04,12.05,12.2,11.55,11.85,70461,11.85
2018-04-05,11.75,12.1,11.75,11.9,35550,11.9
2018-04-06,12.1,12.45,12,12.25,74261,12.25
2018-04-09,12.35,12.5,12.2,12.3,25170,12.3
2018-04-10,12.4,12.45,12.05,12.1,46482,12.1
2018-04-11,12.1,12.25,11.9,12.05,47248,12.05
2018-04-12,12.05,12.2,11.9,12.05,23591,12.05
2018-04-13,12.2,12.3,11.95,12.05,59913,12.05
2018-04-16,12.05,12.4,11.85,11.9,25608,11.9
